[
{
  "model": "auth.group",
  "fields": {
    "name": "site_eng",
    "permissions": [
      [
        "view_contenttype",
        "contenttypes",
        "contenttype"
      ],
      [
        "view_blockedissue",
        "reports",
        "blockedissue"
      ],
      [
        "view_category",
        "reports",
        "category"
      ],
      [
        "add_dailyreport",
        "reports",
        "dailyreport"
      ],
      [
        "view_dailyreport",
        "reports",
        "dailyreport"
      ],
      [
        "view_mastercode",
        "reports",
        "mastercode"
      ],
      [
        "view_materialreceipt",
        "reports",
        "materialreceipt"
      ],
      [
        "view_project",
        "reports",
        "project"
      ],
      [
        "view_projectphase",
        "reports",
        "projectphase"
      ],
      [
        "view_sitevisit",
        "reports",
        "sitevisit"
      ],
      [
        "view_subcategory",
        "reports",
        "subcategory"
      ],
      [
        "view_workforceentry",
        "reports",
        "workforceentry"
      ],
      [
        "view_workprogress",
        "reports",
        "workprogress"
      ]
    ]
  }
},
{
  "model": "auth.group",
  "fields": {
    "name": "Project_mgr",
    "permissions": [
      [
        "add_blockedissue",
        "reports",
        "blockedissue"
      ],
      [
        "change_blockedissue",
        "reports",
        "blockedissue"
      ],
      [
        "view_blockedissue",
        "reports",
        "blockedissue"
      ],
      [
        "view_dailyreport",
        "reports",
        "dailyreport"
      ],
      [
        "view_dailyreportattachment",
        "reports",
        "dailyreportattachment"
      ],
      [
        "view_dailyreportchangelog",
        "reports",
        "dailyreportchangelog"
      ],
      [
        "view_documenttype",
        "reports",
        "documenttype"
      ],
      [
        "view_equipmentmaster",
        "reports",
        "equipmentmaster"
      ],
      [
        "view_equipmentusage",
        "reports",
        "equipmentusage"
      ],
      [
        "view_lookupitem",
        "reports",
        "lookupitem"
      ],
      [
        "add_mastercode",
        "reports",
        "mastercode"
      ],
      [
        "view_mastercode",
        "reports",
        "mastercode"
      ],
      [
        "view_materialreceipt",
        "reports",
        "materialreceipt"
      ],
      [
        "view_project",
        "reports",
        "project"
      ],
      [
        "view_projectarea",
        "reports",
        "projectarea"
      ],
      [
        "view_projectassignment",
        "reports",
        "projectassignment"
      ],
      [
        "view_projectphase",
        "reports",
        "projectphase"
      ],
      [
        "view_sitevisit",
        "reports",
        "sitevisit"
      ],
      [
        "view_subcategory",
        "reports",
        "subcategory"
      ],
      [
        "view_workforceentry",
        "reports",
        "workforceentry"
      ],
      [
        "view_workprogress",
        "reports",
        "workprogress"
      ]
    ]
  }
},
{
  "model": "auth.group",
  "fields": {
    "name": "dep_mgr",
    "permissions": [
      [
        "view_contenttype",
        "contenttypes",
        "contenttype"
      ],
      [
        "view_blockedissue",
        "reports",
        "blockedissue"
      ],
      [
        "view_category",
        "reports",
        "category"
      ],
      [
        "view_dailyreport",
        "reports",
        "dailyreport"
      ],
      [
        "view_dailyreportattachment",
        "reports",
        "dailyreportattachment"
      ],
      [
        "view_dailyreportchangelog",
        "reports",
        "dailyreportchangelog"
      ],
      [
        "view_documenttype",
        "reports",
        "documenttype"
      ],
      [
        "view_equipmentmaster",
        "reports",
        "equipmentmaster"
      ],
      [
        "view_equipmentusage",
        "reports",
        "equipmentusage"
      ],
      [
        "view_lookupitem",
        "reports",
        "lookupitem"
      ],
      [
        "view_mastercode",
        "reports",
        "mastercode"
      ],
      [
        "view_materialreceipt",
        "reports",
        "materialreceipt"
      ],
      [
        "view_project",
        "reports",
        "project"
      ],
      [
        "view_projectarea",
        "reports",
        "projectarea"
      ],
      [
        "view_projectassignment",
        "reports",
        "projectassignment"
      ],
      [
        "view_projectphase",
        "reports",
        "projectphase"
      ],
      [
        "view_sitevisit",
        "reports",
        "sitevisit"
      ],
      [
        "view_subcategory",
        "reports",
        "subcategory"
      ],
      [
        "view_workforceentry",
        "reports",
        "workforceentry"
      ],
      [
        "view_workprogress",
        "reports",
        "workprogress"
      ]
    ]
  }
},
{
  "model": "auth.group",
  "fields": {
    "name": "operations",
    "permissions": []
  }
},
{
  "model": "auth.group",
  "fields": {
    "name": "Cost_Control",
    "permissions": []
  }
},
{
  "model": "auth.user",
  "fields": {
    "password": "pbkdf2_sha256$1200000$3lMv9HFLYk0p66zIubzoSj$s6ZVodCV83kuxX5wUZn2DcFocU3nDOlS7ZzXJ/LN2dI=",
    "last_login": "2026-05-25T12:28:19.503Z",
    "is_superuser": true,
    "username": "fatima",
    "first_name": "Fatima",
    "last_name": "Mohamad",
    "email": "eng.fatima.mohamad@gmail.com",
    "is_staff": true,
    "is_active": true,
    "date_joined": "2026-04-20T11:46:08Z",
    "groups": [
      [
        "site_eng"
      ]
    ],
    "user_permissions": [
      [
        "add_logentry",
        "admin",
        "logentry"
      ],
      [
        "change_logentry",
        "admin",
        "logentry"
      ],
      [
        "delete_logentry",
        "admin",
        "logentry"
      ],
      [
        "view_logentry",
        "admin",
        "logentry"
      ],
      [
        "add_group",
        "auth",
        "group"
      ],
      [
        "change_group",
        "auth",
        "group"
      ],
      [
        "delete_group",
        "auth",
        "group"
      ],
      [
        "view_group",
        "auth",
        "group"
      ],
      [
        "add_permission",
        "auth",
        "permission"
      ],
      [
        "change_permission",
        "auth",
        "permission"
      ],
      [
        "delete_permission",
        "auth",
        "permission"
      ],
      [
        "view_permission",
        "auth",
        "permission"
      ],
      [
        "add_user",
        "auth",
        "user"
      ],
      [
        "change_user",
        "auth",
        "user"
      ],
      [
        "delete_user",
        "auth",
        "user"
      ],
      [
        "view_user",
        "auth",
        "user"
      ],
      [
        "add_contenttype",
        "contenttypes",
        "contenttype"
      ],
      [
        "change_contenttype",
        "contenttypes",
        "contenttype"
      ],
      [
        "delete_contenttype",
        "contenttypes",
        "contenttype"
      ],
      [
        "view_contenttype",
        "contenttypes",
        "contenttype"
      ],
      [
        "add_blockedissue",
        "reports",
        "blockedissue"
      ],
      [
        "change_blockedissue",
        "reports",
        "blockedissue"
      ],
      [
        "delete_blockedissue",
        "reports",
        "blockedissue"
      ],
      [
        "view_blockedissue",
        "reports",
        "blockedissue"
      ],
      [
        "add_category",
        "reports",
        "category"
      ],
      [
        "change_category",
        "reports",
        "category"
      ],
      [
        "delete_category",
        "reports",
        "category"
      ],
      [
        "view_category",
        "reports",
        "category"
      ],
      [
        "add_dailyreport",
        "reports",
        "dailyreport"
      ],
      [
        "change_dailyreport",
        "reports",
        "dailyreport"
      ],
      [
        "delete_dailyreport",
        "reports",
        "dailyreport"
      ],
      [
        "view_dailyreport",
        "reports",
        "dailyreport"
      ],
      [
        "add_dailyreportchangelog",
        "reports",
        "dailyreportchangelog"
      ],
      [
        "change_dailyreportchangelog",
        "reports",
        "dailyreportchangelog"
      ],
      [
        "delete_dailyreportchangelog",
        "reports",
        "dailyreportchangelog"
      ],
      [
        "view_dailyreportchangelog",
        "reports",
        "dailyreportchangelog"
      ],
      [
        "add_documenttype",
        "reports",
        "documenttype"
      ],
      [
        "change_documenttype",
        "reports",
        "documenttype"
      ],
      [
        "delete_documenttype",
        "reports",
        "documenttype"
      ],
      [
        "view_documenttype",
        "reports",
        "documenttype"
      ],
      [
        "add_equipmentmaster",
        "reports",
        "equipmentmaster"
      ],
      [
        "change_equipmentmaster",
        "reports",
        "equipmentmaster"
      ],
      [
        "delete_equipmentmaster",
        "reports",
        "equipmentmaster"
      ],
      [
        "view_equipmentmaster",
        "reports",
        "equipmentmaster"
      ],
      [
        "add_equipmentusage",
        "reports",
        "equipmentusage"
      ],
      [
        "change_equipmentusage",
        "reports",
        "equipmentusage"
      ],
      [
        "delete_equipmentusage",
        "reports",
        "equipmentusage"
      ],
      [
        "view_equipmentusage",
        "reports",
        "equipmentusage"
      ],
      [
        "add_lookupitem",
        "reports",
        "lookupitem"
      ],
      [
        "change_lookupitem",
        "reports",
        "lookupitem"
      ],
      [
        "delete_lookupitem",
        "reports",
        "lookupitem"
      ],
      [
        "view_lookupitem",
        "reports",
        "lookupitem"
      ],
      [
        "add_mastercode",
        "reports",
        "mastercode"
      ],
      [
        "change_mastercode",
        "reports",
        "mastercode"
      ],
      [
        "delete_mastercode",
        "reports",
        "mastercode"
      ],
      [
        "view_mastercode",
        "reports",
        "mastercode"
      ],
      [
        "add_materialreceipt",
        "reports",
        "materialreceipt"
      ],
      [
        "change_materialreceipt",
        "reports",
        "materialreceipt"
      ],
      [
        "delete_materialreceipt",
        "reports",
        "materialreceipt"
      ],
      [
        "view_materialreceipt",
        "reports",
        "materialreceipt"
      ],
      [
        "add_project",
        "reports",
        "project"
      ],
      [
        "change_project",
        "reports",
        "project"
      ],
      [
        "delete_project",
        "reports",
        "project"
      ],
      [
        "view_project",
        "reports",
        "project"
      ],
      [
        "add_projectphase",
        "reports",
        "projectphase"
      ],
      [
        "change_projectphase",
        "reports",
        "projectphase"
      ],
      [
        "delete_projectphase",
        "reports",
        "projectphase"
      ],
      [
        "view_projectphase",
        "reports",
        "projectphase"
      ],
      [
        "add_sitevisit",
        "reports",
        "sitevisit"
      ],
      [
        "change_sitevisit",
        "reports",
        "sitevisit"
      ],
      [
        "delete_sitevisit",
        "reports",
        "sitevisit"
      ],
      [
        "view_sitevisit",
        "reports",
        "sitevisit"
      ],
      [
        "add_subcategory",
        "reports",
        "subcategory"
      ],
      [
        "change_subcategory",
        "reports",
        "subcategory"
      ],
      [
        "delete_subcategory",
        "reports",
        "subcategory"
      ],
      [
        "view_subcategory",
        "reports",
        "subcategory"
      ],
      [
        "add_workforceentry",
        "reports",
        "workforceentry"
      ],
      [
        "change_workforceentry",
        "reports",
        "workforceentry"
      ],
      [
        "delete_workforceentry",
        "reports",
        "workforceentry"
      ],
      [
        "view_workforceentry",
        "reports",
        "workforceentry"
      ],
      [
        "add_workprogress",
        "reports",
        "workprogress"
      ],
      [
        "change_workprogress",
        "reports",
        "workprogress"
      ],
      [
        "delete_workprogress",
        "reports",
        "workprogress"
      ],
      [
        "view_workprogress",
        "reports",
        "workprogress"
      ],
      [
        "add_session",
        "sessions",
        "session"
      ],
      [
        "change_session",
        "sessions",
        "session"
      ],
      [
        "delete_session",
        "sessions",
        "session"
      ],
      [
        "view_session",
        "sessions",
        "session"
      ]
    ]
  }
},
{
  "model": "auth.user",
  "fields": {
    "password": "pbkdf2_sha256$1000000$OHt2hBsSbKSVIrr9bFKz5B$A2FlYZvqRWKsyxDFLWFRCEdOoIBQfT8PS3s6EGbhZCs=",
    "last_login": null,
    "is_superuser": false,
    "username": "K_Alexandropoulos",
    "first_name": "Konstantinos",
    "last_name": "Alexandropoulos",
    "email": "kalexandropoulos@raffouldevelopment.com",
    "is_staff": true,
    "is_active": true,
    "date_joined": "2026-05-14T09:37:12Z",
    "groups": [
      [
        "site_eng"
      ]
    ],
    "user_permissions": []
  }
},
{
  "model": "auth.user",
  "fields": {
    "password": "pbkdf2_sha256$1200000$gfcLFmwCRngNwYeYHxmC4I$5IN4mZ7SfOUEyn2E81weSyIgE/b3E00SYhbXkZYoO9k=",
    "last_login": "2026-05-25T10:19:26.992Z",
    "is_superuser": false,
    "username": "C_Pappas",
    "first_name": "Chris",
    "last_name": "Pappas",
    "email": "cpappas.raffoul@gmail.com",
    "is_staff": true,
    "is_active": true,
    "date_joined": "2026-05-14T09:44:31Z",
    "groups": [
      [
        "site_eng"
      ]
    ],
    "user_permissions": []
  }
},
{
  "model": "auth.user",
  "fields": {
    "password": "pbkdf2_sha256$1000000$btBCfprZmBo7VqWweNsa4B$NKcFlT3XzkkZRydcNvRoK0RSRF2spQtOpS/oX8catFo=",
    "last_login": null,
    "is_superuser": false,
    "username": "T_Katris",
    "first_name": "Thanos",
    "last_name": "Katris",
    "email": "tkatris@raffouldevelopment.com",
    "is_staff": true,
    "is_active": true,
    "date_joined": "2026-05-14T09:46:50Z",
    "groups": [
      [
        "site_eng"
      ]
    ],
    "user_permissions": []
  }
},
{
  "model": "auth.user",
  "fields": {
    "password": "pbkdf2_sha256$1000000$emoMD9HoC3p5DT5YgGLlX3$38YSR0G+rZppNy0+cFLsx+pQsfz0kV6o9jKyqa9stZ8=",
    "last_login": null,
    "is_superuser": false,
    "username": "V_Aslan",
    "first_name": "Vera",
    "last_name": "Aslan",
    "email": "vaslan@raffouldevelopment.com",
    "is_staff": true,
    "is_active": true,
    "date_joined": "2026-05-14T09:54:57Z",
    "groups": [
      [
        "site_eng"
      ]
    ],
    "user_permissions": []
  }
},
{
  "model": "auth.user",
  "fields": {
    "password": "pbkdf2_sha256$1000000$1gj3N74KZCuocn8lBuQKhx$yEK0mGTXMRjIgJSTd/zZJJWKaSH+1LTH7hCfl3lm/Uw=",
    "last_login": null,
    "is_superuser": false,
    "username": "M_Margaritis",
    "first_name": "Memos",
    "last_name": "Margaritis",
    "email": "memos.raffoul@gmail.com",
    "is_staff": true,
    "is_active": true,
    "date_joined": "2026-05-14T10:21:07Z",
    "groups": [
      [
        "site_eng"
      ]
    ],
    "user_permissions": []
  }
},
{
  "model": "auth.user",
  "fields": {
    "password": "pbkdf2_sha256$1000000$QSE8fO2bjaRMeu5JEuzOYl$+v1EvC4VL58ActhUqUsZFXHwGHv/RvGwtAzHPZ1GQu0=",
    "last_login": null,
    "is_superuser": false,
    "username": "N_Andrikopoulos",
    "first_name": "Nikos",
    "last_name": "Andrikopoulos",
    "email": "nandrikopoulos@raffouldevelopment.com",
    "is_staff": true,
    "is_active": true,
    "date_joined": "2026-05-14T10:35:04Z",
    "groups": [
      [
        "site_eng"
      ]
    ],
    "user_permissions": []
  }
},
{
  "model": "auth.user",
  "fields": {
    "password": "pbkdf2_sha256$1000000$NU4fE6MpWdX1qeCh7C8Es3$ksvwZdXmAGmRBvV9hmjTdZAaEDvhSa2y1tbNXRV+SIY=",
    "last_login": null,
    "is_superuser": false,
    "username": "M_Chahin",
    "first_name": "Mahmoud",
    "last_name": "Chahin",
    "email": "chaheen83@gmail.com",
    "is_staff": true,
    "is_active": true,
    "date_joined": "2026-05-14T10:36:40Z",
    "groups": [
      [
        "site_eng"
      ]
    ],
    "user_permissions": []
  }
},
{
  "model": "auth.user",
  "fields": {
    "password": "pbkdf2_sha256$1200000$qS7awOfAkym74vwzXpvnqd$yt1wqSsYCxeZWUYQUSoyBiTXuMTSfB+DaQ88PJpyxC8=",
    "last_login": "2026-05-20T14:22:46.559Z",
    "is_superuser": false,
    "username": "T_Qassab",
    "first_name": "",
    "last_name": "",
    "email": "",
    "is_staff": true,
    "is_active": true,
    "date_joined": "2026-05-20T12:08:33Z",
    "groups": [
      [
        "Project_mgr"
      ]
    ],
    "user_permissions": []
  }
},
{
  "model": "auth.user",
  "fields": {
    "password": "pbkdf2_sha256$1200000$xmZTopKAfhl3JHk0pgh2Dt$v7pUwUF1azmB1oMzCQ4xg66OGtyjZFdwdjndOUKo3ME=",
    "last_login": null,
    "is_superuser": false,
    "username": "H_Amer",
    "first_name": "Hayan",
    "last_name": "Amer",
    "email": "h.amer@raffouldevelopment.com",
    "is_staff": true,
    "is_active": true,
    "date_joined": "2026-05-20T12:09:46Z",
    "groups": [
      [
        "Project_mgr"
      ]
    ],
    "user_permissions": []
  }
},
{
  "model": "auth.user",
  "fields": {
    "password": "pbkdf2_sha256$1200000$lKkAJSGIeQFPsxglC9pHwY$rra4DWi2I0l4B2w/s18kpHxAl4oj7eN3mlWfX/Ki9uo=",
    "last_login": null,
    "is_superuser": false,
    "username": "C_Labed",
    "first_name": "Claude",
    "last_name": "Labed",
    "email": "c.labed@raffouldevlopment.com",
    "is_staff": true,
    "is_active": true,
    "date_joined": "2026-05-20T12:10:26Z",
    "groups": [
      [
        "Cost_Control"
      ]
    ],
    "user_permissions": []
  }
},
{
  "model": "auth.user",
  "fields": {
    "password": "pbkdf2_sha256$1200000$j93oR49kyFGoxBQW0gG2g7$fA60RYWUGRIPbT8N5dc7Ndw8Cyrhq9FNBci6AgZBab8=",
    "last_login": null,
    "is_superuser": false,
    "username": "A_batakis",
    "first_name": "Adonis",
    "last_name": "Batakis",
    "email": "abatakis@raffouldevelopment.com",
    "is_staff": true,
    "is_active": true,
    "date_joined": "2026-05-20T12:11:41Z",
    "groups": [
      [
        "Project_mgr"
      ]
    ],
    "user_permissions": []
  }
},
{
  "model": "auth.user",
  "fields": {
    "password": "pbkdf2_sha256$1200000$9mxLRbNmheCigX4C1GUtip$qRJ8hEWYNAM4g8V22AlJuTFCipozMY5AUnN6JsNSSOw=",
    "last_login": null,
    "is_superuser": false,
    "username": "A_Raffoul",
    "first_name": "Anas",
    "last_name": "Raffoul",
    "email": "araffoul@raffouldevelopment.com",
    "is_staff": true,
    "is_active": true,
    "date_joined": "2026-05-20T12:12:16Z",
    "groups": [
      [
        "dep_mgr"
      ]
    ],
    "user_permissions": []
  }
},
{
  "model": "auth.user",
  "fields": {
    "password": "pbkdf2_sha256$1200000$TpFwl3Py06ZNl2rlbkww5y$GUxEo+kuAemeOZy7UM+1h948tli2zx3I1qflc2bdJEE=",
    "last_login": null,
    "is_superuser": false,
    "username": "j_jdidy",
    "first_name": "Juman",
    "last_name": "Jadid",
    "email": "jwmanjdidyjj@gmail.com",
    "is_staff": true,
    "is_active": true,
    "date_joined": "2026-05-20T12:15:44Z",
    "groups": [
      [
        "Project_mgr"
      ]
    ],
    "user_permissions": []
  }
},
{
  "model": "sessions.session",
  "pk": "4ums3a40lxrfn0ry84ho2wvhrb03fo07",
  "fields": {
    "session_data": ".eJxVjEsKwjAUAO_y1hLMh6Tp0r1nCMn7mKqk0LSr4t2l0IVuZ4bZIeVtrWnrvKSJYAQNl19WMr64HYKeuT1mhXNbl6moI1Gn7eo-E79vZ_s3qLlXGEEIMZCxxeWo3YBsg2Tjg9M-epLrEEU7yzay0VQQTYhWojfE4pwUgc8X9RE4ew:1wRSHJ:i0AXRu6bJ9MORsvSLeWSPzMlsHDkdYotWJw2TWTOQEk",
    "expire_date": "2026-06-08T10:11:21.163Z"
  }
},
{
  "model": "sessions.session",
  "pk": "dfkgqtd2ugn7tlbzsvj64zvybu4cfgdp",
  "fields": {
    "session_data": ".eJxVjEsKwjAUAO_y1hLMh6Tp0r1nCMn7mKqk0LSr4t2l0IVuZ4bZIeVtrWnrvKSJYAQNl19WMr64HYKeuT1mhXNbl6moI1Gn7eo-E79vZ_s3qLlXGEEIMZCxxeWo3YBsg2Tjg9M-epLrEEU7yzay0VQQTYhWojfE4pwUgc8X9RE4ew:1wRUPr:wMnmAKCEN1shAULR7lQbvGSYL3FASQrJO_7aZ5fIw2I",
    "expire_date": "2026-06-08T12:28:19.505Z"
  }
},
{
  "model": "sessions.session",
  "pk": "jgjkdtkcwvz2lqufb53dx06kefkjn34s",
  "fields": {
    "session_data": ".eJxVzDsOwjAQRdG9TI0s_41T0mcN1tiewQGUSPlUiL0jSymgfffovSHhsbd0bLSmqcIACi6_W8bypLmH-sD5voiyzPs6ZdGJOOsmxqXS63bav4OGW4MBpKRoDDmjrKvMLF2UmtDnYJ0PljkoDiUGIjTa-Yiqa9bByGquNsPnC87_N04:1wISNH:x7wcH_pAzK-JwlGGBSRs9F5C1JNe8otCYpKnUwUr-AM",
    "expire_date": "2026-05-14T14:28:19.090Z"
  }
},
{
  "model": "sessions.session",
  "pk": "lbfl6baqvrie6bbtz3keddi0ar556lni",
  "fields": {
    "session_data": ".eJxVzDsOwjAQRdG9TI0s_41T0mcN1tiewQGUSPlUiL0jSymgfffovSHhsbd0bLSmqcIACi6_W8bypLmH-sD5voiyzPs6ZdGJOOsmxqXS63bav4OGW4MBpKRoDDmjrKvMLF2UmtDnYJ0PljkoDiUGIjTa-Yiqa9bByGquNsPnC87_N04:1wFXop:8UMM3wrOML3VSiM_njGUusczVSbscz1VQdmYfMzH85g",
    "expire_date": "2026-05-06T13:40:43.729Z"
  }
},
{
  "model": "reports.project",
  "pk": 1,
  "fields": {
    "name": "aversion_01",
    "code": "P001",
    "site_engineer": null,
    "project_manager": null,
    "address": null,
    "city": null,
    "permit_id": null,
    "permit_category": null,
    "authority": null,
    "project_description": null,
    "building_floors_count": null,
    "latitude": null,
    "longitude": null,
    "is_active": true
  }
},
{
  "model": "reports.project",
  "pk": 2,
  "fields": {
    "name": "mversion_02",
    "code": "P008",
    "site_engineer": "fatima",
    "project_manager": "tareq qassab",
    "address": "Greece",
    "city": "Athens",
    "permit_id": null,
    "permit_category": null,
    "authority": null,
    "project_description": "New 3-storey residential building with basement, pilotis, swimming pool, mezzanines, and accessible roof",
    "building_floors_count": 4,
    "latitude": "38.0338204700000000",
    "longitude": "23.8036569500000000",
    "is_active": true
  }
},
{
  "model": "reports.project",
  "pk": 3,
  "fields": {
    "name": "sversion_05",
    "code": "P010",
    "site_engineer": "Memos Margaritis",
    "project_manager": "Tareq Qassab",
    "address": "Sofias Sliman 5, 11526 Abelokipoi Athens",
    "city": "Athens",
    "permit_id": null,
    "permit_category": null,
    "authority": null,
    "project_description": "New 9-story building with ground-floor retail space, apartments, mezzanine on the 7th floor, attic roof and two basements (high energy efficiency)",
    "building_floors_count": 9,
    "latitude": "37.9913405800000000",
    "longitude": "23.7668124600000000",
    "is_active": true
  }
},
{
  "model": "reports.project",
  "pk": 4,
  "fields": {
    "name": "gversion_06",
    "code": "P004",
    "site_engineer": "Thanos Katris",
    "project_manager": "Tareq Qassab",
    "address": "Grammou 47, Marousi 15124",
    "city": "ATHINA",
    "permit_id": null,
    "permit_category": null,
    "authority": null,
    "project_description": "New 5-storey residential building with pilotis, ground-floor mezzanine, swimming pool, attic roof, basement, and tree removal (high energy efficiency)",
    "building_floors_count": 5,
    "latitude": "38.0491097400000000",
    "longitude": "23.8036337300000000",
    "is_active": true
  }
},
{
  "model": "reports.project",
  "pk": 5,
  "fields": {
    "name": "tversion_09",
    "code": "P009",
    "site_engineer": "Mahmoud Chahin",
    "project_manager": "Hayan Amer",
    "address": "Laodikis & Agiou Nikolaou 54, Glyfada 16674",
    "city": "Athens",
    "permit_id": null,
    "permit_category": null,
    "authority": null,
    "project_description": "New four-story residential building with internal balconies and a green roof, energy efficiency class A++, including a basement with a swimming pool, an additional swimming pool in the open area, and removal of fifteen (15) trees.",
    "building_floors_count": 4,
    "latitude": "37.8660536900000000",
    "longitude": "23.7573996700000000",
    "is_active": true
  }
},
{
  "model": "reports.project",
  "pk": 6,
  "fields": {
    "name": "zversion_12",
    "code": "P012",
    "site_engineer": "Vera Aslan",
    "project_manager": "Hayan Amer",
    "address": "Zeppou & Daskaroli 29, Glyfada 16675",
    "city": "Athens",
    "permit_id": null,
    "permit_category": null,
    "authority": null,
    "project_description": "New 5-story residential building with basement, internal balconies, attic roof, four swimming pools and high energy efficiency (tree removal included)",
    "building_floors_count": 5,
    "latitude": "37.8713203000000000",
    "longitude": "23.7533276700000000",
    "is_active": true
  }
},
{
  "model": "reports.project",
  "pk": 7,
  "fields": {
    "name": "iversion_15",
    "code": "P015",
    "site_engineer": "Konstantinos Alexandropoulos",
    "project_manager": "Tareq Qassab",
    "address": "Agiou Pavlou 14, Peristeri 12132 Athens",
    "city": "Athens",
    "permit_id": null,
    "permit_category": null,
    "authority": null,
    "project_description": "New 5-story residential building with pilotis and attic roof, high energy efficiency class A+",
    "building_floors_count": 5,
    "latitude": "38.0054588800000000",
    "longitude": "23.7019449500000000",
    "is_active": true
  }
},
{
  "model": "reports.project",
  "pk": 8,
  "fields": {
    "name": "fversion_17",
    "code": "P017",
    "site_engineer": "Nikos Andrikopoulos",
    "project_manager": "Hayan Amer",
    "address": "Leof. Athinon Souniou 15, Palea Fokea 190 13",
    "city": "Athens",
    "permit_id": null,
    "permit_category": null,
    "authority": null,
    "project_description": "New 3-story residential building with pilotis and green roof with attic spaces (high energy efficiency)",
    "building_floors_count": 3,
    "latitude": "37.7150357200000000",
    "longitude": "23.9461710800000000",
    "is_active": true
  }
},
{
  "model": "reports.project",
  "pk": 9,
  "fields": {
    "name": "dversion_19",
    "code": "P019",
    "site_engineer": "Thanos Katris",
    "project_manager": "Tareq Qassab",
    "address": "Dolianis 72, Marousi 15124 Athens",
    "city": "Athens",
    "permit_id": null,
    "permit_category": null,
    "authority": null,
    "project_description": "New 5-story residential building with basement and attic roof",
    "building_floors_count": 5,
    "latitude": "38.0482950400000000",
    "longitude": "23.8071987000000000",
    "is_active": true
  }
},
{
  "model": "reports.project",
  "pk": 10,
  "fields": {
    "name": "eversion_26",
    "code": "P026",
    "site_engineer": "C_Pappas",
    "project_manager": "Juman Jdidi",
    "address": "Ethnikis Antistaseos 15, Piraeus 18531",
    "city": "Athens",
    "permit_id": null,
    "permit_category": null,
    "authority": null,
    "project_description": "Internal layout modifications, interior and exterior renovation works of retail and residential units, addition of pergola on roof and façade interventions on a 6-story building.",
    "building_floors_count": 6,
    "latitude": "37.9459870000000000",
    "longitude": "23.6456811400000000",
    "is_active": true
  }
},
{
  "model": "reports.projectarea",
  "pk": 1,
  "fields": {
    "project": 2,
    "code": "F01",
    "name": "Floor 1",
    "area_type": "floor",
    "sort_order": 1,
    "is_active": true
  }
},
{
  "model": "reports.projectarea",
  "pk": 2,
  "fields": {
    "project": 2,
    "code": "F02",
    "name": "Floor 2",
    "area_type": "floor",
    "sort_order": 2,
    "is_active": true
  }
},
{
  "model": "reports.projectarea",
  "pk": 3,
  "fields": {
    "project": 2,
    "code": "F03",
    "name": "Floor 3",
    "area_type": "floor",
    "sort_order": 3,
    "is_active": true
  }
},
{
  "model": "reports.projectarea",
  "pk": 4,
  "fields": {
    "project": 2,
    "code": "F04",
    "name": "Floor 4",
    "area_type": "floor",
    "sort_order": 4,
    "is_active": true
  }
},
{
  "model": "reports.projectarea",
  "pk": 5,
  "fields": {
    "project": 10,
    "code": "F01",
    "name": "Floor 1",
    "area_type": "floor",
    "sort_order": 1,
    "is_active": true
  }
},
{
  "model": "reports.projectarea",
  "pk": 6,
  "fields": {
    "project": 10,
    "code": "F02",
    "name": "Floor 2",
    "area_type": "floor",
    "sort_order": 2,
    "is_active": true
  }
},
{
  "model": "reports.projectarea",
  "pk": 7,
  "fields": {
    "project": 10,
    "code": "F03",
    "name": "Floor 3",
    "area_type": "floor",
    "sort_order": 3,
    "is_active": true
  }
},
{
  "model": "reports.projectarea",
  "pk": 8,
  "fields": {
    "project": 10,
    "code": "F04",
    "name": "Floor 4",
    "area_type": "floor",
    "sort_order": 4,
    "is_active": true
  }
},
{
  "model": "reports.projectarea",
  "pk": 9,
  "fields": {
    "project": 10,
    "code": "F05",
    "name": "Floor 5",
    "area_type": "floor",
    "sort_order": 5,
    "is_active": true
  }
},
{
  "model": "reports.projectarea",
  "pk": 10,
  "fields": {
    "project": 10,
    "code": "F06",
    "name": "Floor 6",
    "area_type": "floor",
    "sort_order": 6,
    "is_active": true
  }
},
{
  "model": "reports.projectphase",
  "pk": 1,
  "fields": {
    "phase_code": "PH00",
    "phase_name": "Design",
    "description": "",
    "display_order": 0,
    "is_active": true
  }
},
{
  "model": "reports.projectphase",
  "pk": 2,
  "fields": {
    "phase_code": "PH01",
    "phase_name": "Detailed Study",
    "description": "Finalization of all architectural, structural, and MEP engineering blueprints. This phase includes the approval of working drawings, technical specifications, and calculations required before actual construction begins.",
    "display_order": 1,
    "is_active": true
  }
},
{
  "model": "reports.projectphase",
  "pk": 3,
  "fields": {
    "phase_code": "PH02",
    "phase_name": "Site Mobilization",
    "description": "The preparatory stage where the construction site is secured and set up. Activities include installing perimeter fencing, clearing the land, establishing site offices, setting up utility connections, and bringing in heavy machinery.",
    "display_order": 2,
    "is_active": true
  }
},
{
  "model": "reports.projectphase",
  "pk": 4,
  "fields": {
    "phase_code": "PH03",
    "phase_name": "Structural Work",
    "description": "The construction of the building’s main skeleton. This critical phase covers earthworks, foundation pouring, casting concrete columns, erecting load-bearing walls, and laying floor slabs.",
    "display_order": 3,
    "is_active": true
  }
},
{
  "model": "reports.projectphase",
  "pk": 5,
  "fields": {
    "phase_code": "PH04",
    "phase_name": "MEP Rough-In",
    "description": "The installation of core utility infrastructure within the building's frame before walls and ceilings are closed. This includes running electrical conduits, main plumbing pipelines, HVAC ductwork, and alarm system cabling.",
    "display_order": 4,
    "is_active": true
  }
},
{
  "model": "reports.projectphase",
  "pk": 6,
  "fields": {
    "phase_code": "PH05",
    "phase_name": "Enclosure",
    "description": "The phase focused on sealing the building from the elements to make it weatherproof. It includes installing exterior thermal insulation, waterproofing wet areas/roofs, mounting aluminium window frames, and putting up interior gypsum board partitions.",
    "display_order": 5,
    "is_active": true
  }
},
{
  "model": "reports.projectphase",
  "pk": 7,
  "fields": {
    "phase_code": "PH06",
    "phase_name": "Final MEP",
    "description": "The aesthetic and visible completion of the interior and exterior spaces. This covers plastering, painting, laying floor tiles, mounting visible fixtures (switches, faucets), and installing door thresholds and trim.",
    "display_order": 7,
    "is_active": true
  }
},
{
  "model": "reports.projectphase",
  "pk": 8,
  "fields": {
    "phase_code": "PH07",
    "phase_name": "Handover_Delivery",
    "description": "The formal transition of the completed building from the contractor to the owner. This includes deep cleaning, a final joint walkthrough to create a punch list of minor fixes, testing all systems, and handing over the keys.",
    "display_order": 8,
    "is_active": true
  }
},
{
  "model": "reports.projectphase",
  "pk": 9,
  "fields": {
    "phase_code": "PH08",
    "phase_name": "Permit Closure",
    "description": "The final administrative and legal step of the project. It involves passing municipal building inspections to close out open construction permits and successfully obtaining the official Occupancy Certificate.",
    "display_order": 9,
    "is_active": true
  }
},
{
  "model": "reports.documenttype",
  "pk": 1,
  "fields": {
    "symbol": "DR",
    "description": "Daily Reports",
    "is_active": true
  }
},
{
  "model": "reports.documenttype",
  "pk": 2,
  "fields": {
    "symbol": "QC",
    "description": "Quality Control",
    "is_active": true
  }
},
{
  "model": "reports.documenttype",
  "pk": 3,
  "fields": {
    "symbol": "NV",
    "description": "Invoices",
    "is_active": true
  }
},
{
  "model": "reports.documenttype",
  "pk": 4,
  "fields": {
    "symbol": "OFF",
    "description": "Offers",
    "is_active": true
  }
},
{
  "model": "reports.documenttype",
  "pk": 5,
  "fields": {
    "symbol": "MTR",
    "description": "Material Requests",
    "is_active": true
  }
},
{
  "model": "reports.documenttype",
  "pk": 6,
  "fields": {
    "symbol": "BOQ",
    "description": "Bill of Quantities",
    "is_active": true
  }
},
{
  "model": "reports.documenttype",
  "pk": 7,
  "fields": {
    "symbol": "SCH",
    "description": "Schedule",
    "is_active": true
  }
},
{
  "model": "reports.documenttype",
  "pk": 8,
  "fields": {
    "symbol": "INS",
    "description": "Inspection Requests",
    "is_active": true
  }
},
{
  "model": "reports.documenttype",
  "pk": 9,
  "fields": {
    "symbol": "AGR",
    "description": "Agreement",
    "is_active": true
  }
},
{
  "model": "reports.category",
  "pk": 1,
  "fields": {
    "symbol": "SIT",
    "description": "Site Works",
    "is_active": true
  }
},
{
  "model": "reports.category",
  "pk": 2,
  "fields": {
    "symbol": "STR",
    "description": "Structural Works",
    "is_active": true
  }
},
{
  "model": "reports.category",
  "pk": 3,
  "fields": {
    "symbol": "ARC",
    "description": "Architectural Works",
    "is_active": true
  }
},
{
  "model": "reports.category",
  "pk": 4,
  "fields": {
    "symbol": "MEP",
    "description": "Mechanical, Electrical & Plumbing",
    "is_active": true
  }
},
{
  "model": "reports.category",
  "pk": 5,
  "fields": {
    "symbol": "GOV",
    "description": "Governmental Issues",
    "is_active": true
  }
},
{
  "model": "reports.subcategory",
  "pk": 1,
  "fields": {
    "category": 1,
    "symbol": "ARC",
    "description": "Archaeological Survey/Works",
    "is_active": true
  }
},
{
  "model": "reports.subcategory",
  "pk": 2,
  "fields": {
    "category": 1,
    "symbol": "SSV",
    "description": "Site Survey (Topographical & Boundary)",
    "is_active": true
  }
},
{
  "model": "reports.subcategory",
  "pk": 3,
  "fields": {
    "category": 1,
    "symbol": "EXC",
    "description": "Excavation",
    "is_active": true
  }
},
{
  "model": "reports.subcategory",
  "pk": 4,
  "fields": {
    "category": 1,
    "symbol": "FWP",
    "description": "Foundation Waterproofing",
    "is_active": true
  }
},
{
  "model": "reports.subcategory",
  "pk": 5,
  "fields": {
    "category": 1,
    "symbol": "LVL",
    "description": "Levelling (Initial Site Levelling)",
    "is_active": true
  }
},
{
  "model": "reports.subcategory",
  "pk": 6,
  "fields": {
    "category": 1,
    "symbol": "QCI",
    "description": "Quality Control Inspection (Site Prep)",
    "is_active": true
  }
},
{
  "model": "reports.subcategory",
  "pk": 7,
  "fields": {
    "category": 1,
    "symbol": "EXS",
    "description": "Excavation support",
    "is_active": true
  }
},
{
  "model": "reports.subcategory",
  "pk": 8,
  "fields": {
    "category": 1,
    "symbol": "SFN",
    "description": "Site fence",
    "is_active": true
  }
},
{
  "model": "reports.subcategory",
  "pk": 9,
  "fields": {
    "category": 1,
    "symbol": "SEP",
    "description": "Site Electrical Pillar",
    "is_active": true
  }
},
{
  "model": "reports.subcategory",
  "pk": 10,
  "fields": {
    "category": 1,
    "symbol": "UTI",
    "description": "Utilities",
    "is_active": true
  }
},
{
  "model": "reports.subcategory",
  "pk": 11,
  "fields": {
    "category": 1,
    "symbol": "WRK",
    "description": "Workers",
    "is_active": true
  }
},
{
  "model": "reports.subcategory",
  "pk": 12,
  "fields": {
    "category": 1,
    "symbol": "SEQ",
    "description": "Site equipment",
    "is_active": true
  }
},
{
  "model": "reports.subcategory",
  "pk": 13,
  "fields": {
    "category": 1,
    "symbol": "SFT",
    "description": "Safety",
    "is_active": true
  }
},
{
  "model": "reports.subcategory",
  "pk": 14,
  "fields": {
    "category": 1,
    "symbol": "SCF",
    "description": "Scaffolding Erection",
    "is_active": true
  }
},
{
  "model": "reports.subcategory",
  "pk": 15,
  "fields": {
    "category": 2,
    "symbol": "RFC",
    "description": "Reinforced Concrete",
    "is_active": true
  }
},
{
  "model": "reports.subcategory",
  "pk": 16,
  "fields": {
    "category": 2,
    "symbol": "BRW",
    "description": "Brick Walls (Structural Walls)",
    "is_active": true
  }
},
{
  "model": "reports.subcategory",
  "pk": 17,
  "fields": {
    "category": 2,
    "symbol": "STC",
    "description": "Steel Construction",
    "is_active": true
  }
},
{
  "model": "reports.subcategory",
  "pk": 18,
  "fields": {
    "category": 2,
    "symbol": "CRN",
    "description": "Crane",
    "is_active": true
  }
},
{
  "model": "reports.subcategory",
  "pk": 19,
  "fields": {
    "category": 2,
    "symbol": "FNC",
    "description": "Fence",
    "is_active": true
  }
},
{
  "model": "reports.subcategory",
  "pk": 20,
  "fields": {
    "category": 2,
    "symbol": "HND",
    "description": "Hand railing",
    "is_active": true
  }
},
{
  "model": "reports.subcategory",
  "pk": 21,
  "fields": {
    "category": 3,
    "symbol": "GYP",
    "description": "Gypsum Board",
    "is_active": true
  }
},
{
  "model": "reports.subcategory",
  "pk": 22,
  "fields": {
    "category": 3,
    "symbol": "THI",
    "description": "Exterior Thermal Installation",
    "is_active": true
  }
},
{
  "model": "reports.subcategory",
  "pk": 23,
  "fields": {
    "category": 3,
    "symbol": "WPF",
    "description": "Waterproofing",
    "is_active": true
  }
},
{
  "model": "reports.subcategory",
  "pk": 24,
  "fields": {
    "category": 3,
    "symbol": "ALM",
    "description": "Aluminium Frames",
    "is_active": true
  }
},
{
  "model": "reports.subcategory",
  "pk": 25,
  "fields": {
    "category": 3,
    "symbol": "LEV",
    "description": "Levelling Check (Pre-Flooring Levelling)",
    "is_active": true
  }
},
{
  "model": "reports.subcategory",
  "pk": 26,
  "fields": {
    "category": 3,
    "symbol": "PLS",
    "description": "Plaster",
    "is_active": true
  }
},
{
  "model": "reports.subcategory",
  "pk": 27,
  "fields": {
    "category": 3,
    "symbol": "PNT",
    "description": "Paint",
    "is_active": true
  }
},
{
  "model": "reports.subcategory",
  "pk": 28,
  "fields": {
    "category": 3,
    "symbol": "THR",
    "description": "Threshold Installation",
    "is_active": true
  }
},
{
  "model": "reports.subcategory",
  "pk": 29,
  "fields": {
    "category": 3,
    "symbol": "PRP",
    "description": "Parapets",
    "is_active": true
  }
},
{
  "model": "reports.subcategory",
  "pk": 30,
  "fields": {
    "category": 3,
    "symbol": "FLF",
    "description": "Floor Filling",
    "is_active": true
  }
},
{
  "model": "reports.subcategory",
  "pk": 31,
  "fields": {
    "category": 3,
    "symbol": "SLF",
    "description": "Self Levelling (Final Floor Levelling)",
    "is_active": true
  }
},
{
  "model": "reports.subcategory",
  "pk": 32,
  "fields": {
    "category": 3,
    "symbol": "MRB",
    "description": "Marbles (Marble Flooring/Cladding)",
    "is_active": true
  }
},
{
  "model": "reports.subcategory",
  "pk": 33,
  "fields": {
    "category": 3,
    "symbol": "WTF",
    "description": "Wood Flooring",
    "is_active": true
  }
},
{
  "model": "reports.subcategory",
  "pk": 34,
  "fields": {
    "category": 3,
    "symbol": "TIL",
    "description": "Tiles",
    "is_active": true
  }
},
{
  "model": "reports.subcategory",
  "pk": 35,
  "fields": {
    "category": 3,
    "symbol": "GMC",
    "description": "Glass Cabinets & Mirrors",
    "is_active": true
  }
},
{
  "model": "reports.subcategory",
  "pk": 36,
  "fields": {
    "category": 3,
    "symbol": "KWB",
    "description": "Kitchens & Wardrobes & Bath Cabinets",
    "is_active": true
  }
},
{
  "model": "reports.subcategory",
  "pk": 37,
  "fields": {
    "category": 3,
    "symbol": "DOR",
    "description": "Doors",
    "is_active": true
  }
},
{
  "model": "reports.subcategory",
  "pk": 38,
  "fields": {
    "category": 3,
    "symbol": "BTC",
    "description": "Bathroom Cabinets",
    "is_active": true
  }
},
{
  "model": "reports.subcategory",
  "pk": 39,
  "fields": {
    "category": 3,
    "symbol": "IND",
    "description": "Industrial floor",
    "is_active": true
  }
},
{
  "model": "reports.subcategory",
  "pk": 40,
  "fields": {
    "category": 3,
    "symbol": "ALE",
    "description": "Aluminium exterior elements",
    "is_active": true
  }
},
{
  "model": "reports.subcategory",
  "pk": 41,
  "fields": {
    "category": 3,
    "symbol": "CEL",
    "description": "Ceiling",
    "is_active": true
  }
},
{
  "model": "reports.subcategory",
  "pk": 42,
  "fields": {
    "category": 3,
    "symbol": "SDW",
    "description": "Sidewalk Construction",
    "is_active": true
  }
},
{
  "model": "reports.subcategory",
  "pk": 43,
  "fields": {
    "category": 3,
    "symbol": "MEN",
    "description": "Main Entrance",
    "is_active": true
  }
},
{
  "model": "reports.subcategory",
  "pk": 44,
  "fields": {
    "category": 4,
    "symbol": "ELC",
    "description": "Electrical works",
    "is_active": true
  }
},
{
  "model": "reports.subcategory",
  "pk": 45,
  "fields": {
    "category": 4,
    "symbol": "PLM",
    "description": "Plumping works",
    "is_active": true
  }
},
{
  "model": "reports.subcategory",
  "pk": 46,
  "fields": {
    "category": 1,
    "symbol": "Geo",
    "description": "Geotechnical Study Report",
    "is_active": true
  }
},
{
  "model": "reports.subcategory",
  "pk": 47,
  "fields": {
    "category": 1,
    "symbol": "EXP",
    "description": "Piling works",
    "is_active": true
  }
},
{
  "model": "reports.subcategory",
  "pk": 48,
  "fields": {
    "category": 1,
    "symbol": "EXR",
    "description": "retaining walls",
    "is_active": true
  }
},
{
  "model": "reports.subcategory",
  "pk": 49,
  "fields": {
    "category": 2,
    "symbol": "RFS",
    "description": "Reinforcement Steel",
    "is_active": true
  }
},
{
  "model": "reports.subcategory",
  "pk": 50,
  "fields": {
    "category": 2,
    "symbol": "STF",
    "description": "Structural Filling",
    "is_active": true
  }
},
{
  "model": "reports.subcategory",
  "pk": 51,
  "fields": {
    "category": 2,
    "symbol": "MCC",
    "description": "Metal Construction Columns and Beams",
    "is_active": true
  }
},
{
  "model": "reports.subcategory",
  "pk": 52,
  "fields": {
    "category": 2,
    "symbol": "MCS",
    "description": "Metal Construction Slabs",
    "is_active": true
  }
},
{
  "model": "reports.subcategory",
  "pk": 53,
  "fields": {
    "category": 2,
    "symbol": "MCB",
    "description": "Metal Construction Balconies",
    "is_active": true
  }
},
{
  "model": "reports.subcategory",
  "pk": 54,
  "fields": {
    "category": 2,
    "symbol": "MCP",
    "description": "Metal Construction Pergolas",
    "is_active": true
  }
},
{
  "model": "reports.subcategory",
  "pk": 55,
  "fields": {
    "category": 2,
    "symbol": "SPB",
    "description": "Metal Construction PV basis",
    "is_active": true
  }
},
{
  "model": "reports.subcategory",
  "pk": 56,
  "fields": {
    "category": 2,
    "symbol": "SFC",
    "description": "Site Fence",
    "is_active": true
  }
},
{
  "model": "reports.subcategory",
  "pk": 57,
  "fields": {
    "category": 2,
    "symbol": "BHB",
    "description": "Base of Balcony Hand Railing",
    "is_active": true
  }
},
{
  "model": "reports.subcategory",
  "pk": 58,
  "fields": {
    "category": 2,
    "symbol": "SHB",
    "description": "Base of Main Staircase Hand Railing",
    "is_active": true
  }
},
{
  "model": "reports.subcategory",
  "pk": 59,
  "fields": {
    "category": 2,
    "symbol": "IHB",
    "description": "Base of Internal Staircase Hand Railing",
    "is_active": true
  }
},
{
  "model": "reports.subcategory",
  "pk": 60,
  "fields": {
    "category": 4,
    "symbol": "HAC",
    "description": "A.C",
    "is_active": true
  }
},
{
  "model": "reports.subcategory",
  "pk": 61,
  "fields": {
    "category": 4,
    "symbol": "HET",
    "description": "Heating System",
    "is_active": true
  }
},
{
  "model": "reports.subcategory",
  "pk": 62,
  "fields": {
    "category": 4,
    "symbol": "SWP",
    "description": "Swimming Pools",
    "is_active": true
  }
},
{
  "model": "reports.subcategory",
  "pk": 63,
  "fields": {
    "category": 4,
    "symbol": "ELV",
    "description": "Main Elevator",
    "is_active": true
  }
},
{
  "model": "reports.subcategory",
  "pk": 64,
  "fields": {
    "category": 4,
    "symbol": "CEL",
    "description": "Car Elevator",
    "is_active": true
  }
},
{
  "model": "reports.subcategory",
  "pk": 65,
  "fields": {
    "category": 4,
    "symbol": "PEL",
    "description": "Private Elevator",
    "is_active": true
  }
},
{
  "model": "reports.subcategory",
  "pk": 66,
  "fields": {
    "category": 4,
    "symbol": "LDR",
    "description": "Lanier Drainage",
    "is_active": true
  }
},
{
  "model": "reports.subcategory",
  "pk": 67,
  "fields": {
    "category": 5,
    "symbol": "PNH",
    "description": "Phone Connection",
    "is_active": true
  }
},
{
  "model": "reports.subcategory",
  "pk": 409,
  "fields": {
    "category": 1,
    "symbol": "GEO",
    "description": "Geotechnical Study Report",
    "is_active": true
  }
},
{
  "model": "reports.subcategory",
  "pk": 410,
  "fields": {
    "category": 3,
    "symbol": "ROI",
    "description": "Roof insulation",
    "is_active": true
  }
},
{
  "model": "reports.subcategory",
  "pk": 411,
  "fields": {
    "category": 3,
    "symbol": "TSI",
    "description": "Threshold Waterproof Insulation",
    "is_active": true
  }
},
{
  "model": "reports.subcategory",
  "pk": 412,
  "fields": {
    "category": 3,
    "symbol": "BTI",
    "description": "Bathroom Waterproof Insulation",
    "is_active": true
  }
},
{
  "model": "reports.subcategory",
  "pk": 413,
  "fields": {
    "category": 3,
    "symbol": "BCI",
    "description": "Balcony Waterproof Insulation",
    "is_active": true
  }
},
{
  "model": "reports.subcategory",
  "pk": 414,
  "fields": {
    "category": 3,
    "symbol": "TIB",
    "description": "Tiles Bathroom",
    "is_active": true
  }
},
{
  "model": "reports.subcategory",
  "pk": 415,
  "fields": {
    "category": 3,
    "symbol": "TIF",
    "description": "Tiles Floor",
    "is_active": true
  }
},
{
  "model": "reports.subcategory",
  "pk": 416,
  "fields": {
    "category": 3,
    "symbol": "TIC",
    "description": "Tiles Balconies",
    "is_active": true
  }
},
{
  "model": "reports.subcategory",
  "pk": 417,
  "fields": {
    "category": 3,
    "symbol": "WRD",
    "description": "Wardrobes",
    "is_active": true
  }
},
{
  "model": "reports.subcategory",
  "pk": 418,
  "fields": {
    "category": 3,
    "symbol": "KIT",
    "description": "Kitchens",
    "is_active": true
  }
},
{
  "model": "reports.subcategory",
  "pk": 419,
  "fields": {
    "category": 3,
    "symbol": "SCD",
    "description": "Security Doors",
    "is_active": true
  }
},
{
  "model": "reports.subcategory",
  "pk": 420,
  "fields": {
    "category": 3,
    "symbol": "END",
    "description": "Enterance Doors",
    "is_active": true
  }
},
{
  "model": "reports.subcategory",
  "pk": 421,
  "fields": {
    "category": 3,
    "symbol": "PRD",
    "description": "Parking Door",
    "is_active": true
  }
},
{
  "model": "reports.subcategory",
  "pk": 422,
  "fields": {
    "category": 3,
    "symbol": "STD",
    "description": "Storage Doors",
    "is_active": true
  }
},
{
  "model": "reports.subcategory",
  "pk": 423,
  "fields": {
    "category": 3,
    "symbol": "INF",
    "description": "Industrial floor",
    "is_active": true
  }
},
{
  "model": "reports.subcategory",
  "pk": 424,
  "fields": {
    "category": 3,
    "symbol": "LNS",
    "description": "Landscape",
    "is_active": true
  }
},
{
  "model": "reports.subcategory",
  "pk": 425,
  "fields": {
    "category": 4,
    "symbol": "SOS",
    "description": "Smoke out system",
    "is_active": true
  }
},
{
  "model": "reports.subcategory",
  "pk": 426,
  "fields": {
    "category": 4,
    "symbol": "SOP",
    "description": "Solar Panels",
    "is_active": true
  }
},
{
  "model": "reports.subcategory",
  "pk": 427,
  "fields": {
    "category": 4,
    "symbol": "PVS",
    "description": "PV systems",
    "is_active": true
  }
},
{
  "model": "reports.subcategory",
  "pk": 428,
  "fields": {
    "category": 4,
    "symbol": "RAD",
    "description": "Heating Radiators",
    "is_active": true
  }
},
{
  "model": "reports.subcategory",
  "pk": 429,
  "fields": {
    "category": 4,
    "symbol": "SNF",
    "description": "Faucets",
    "is_active": true
  }
},
{
  "model": "reports.subcategory",
  "pk": 430,
  "fields": {
    "category": 4,
    "symbol": "SNS",
    "description": "Sinks",
    "is_active": true
  }
},
{
  "model": "reports.subcategory",
  "pk": 431,
  "fields": {
    "category": 4,
    "symbol": "SNT",
    "description": "Toilets",
    "is_active": true
  }
},
{
  "model": "reports.subcategory",
  "pk": 432,
  "fields": {
    "category": 4,
    "symbol": "SNA",
    "description": "Acessories",
    "is_active": true
  }
},
{
  "model": "reports.subcategory",
  "pk": 433,
  "fields": {
    "category": 3,
    "symbol": "BCB",
    "description": "Bath Cabinets",
    "is_active": true
  }
},
{
  "model": "reports.subcategory",
  "pk": 434,
  "fields": {
    "category": 4,
    "symbol": "SWS",
    "description": "Sockets & Switches (Electrical Fixtures)",
    "is_active": true
  }
},
{
  "model": "reports.subcategory",
  "pk": 435,
  "fields": {
    "category": 4,
    "symbol": "LIN",
    "description": "Light Spot",
    "is_active": true
  }
},
{
  "model": "reports.subcategory",
  "pk": 436,
  "fields": {
    "category": 4,
    "symbol": "LUD",
    "description": "Light Aplikas / Down lights",
    "is_active": true
  }
},
{
  "model": "reports.subcategory",
  "pk": 437,
  "fields": {
    "category": 4,
    "symbol": "LPR",
    "description": "Light Parking",
    "is_active": true
  }
},
{
  "model": "reports.subcategory",
  "pk": 438,
  "fields": {
    "category": 4,
    "symbol": "LWH",
    "description": "Warehouse lights",
    "is_active": true
  }
},
{
  "model": "reports.subcategory",
  "pk": 439,
  "fields": {
    "category": 4,
    "symbol": "LST",
    "description": "Led Strips",
    "is_active": true
  }
},
{
  "model": "reports.subcategory",
  "pk": 440,
  "fields": {
    "category": 4,
    "symbol": "LEX",
    "description": "ΕΧΙΤ",
    "is_active": true
  }
},
{
  "model": "reports.subcategory",
  "pk": 441,
  "fields": {
    "category": 4,
    "symbol": "VGR",
    "description": "Vent. Grills",
    "is_active": true
  }
},
{
  "model": "reports.subcategory",
  "pk": 442,
  "fields": {
    "category": 4,
    "symbol": "HOD",
    "description": "Electric hood",
    "is_active": true
  }
},
{
  "model": "reports.subcategory",
  "pk": 443,
  "fields": {
    "category": 4,
    "symbol": "GBO",
    "description": "Gas Boilers",
    "is_active": true
  }
},
{
  "model": "reports.subcategory",
  "pk": 444,
  "fields": {
    "category": 4,
    "symbol": "EPU",
    "description": "Electric Pumps",
    "is_active": true
  }
},
{
  "model": "reports.subcategory",
  "pk": 445,
  "fields": {
    "category": 4,
    "symbol": "SMH",
    "description": "Smart Home eqiupment",
    "is_active": true
  }
},
{
  "model": "reports.subcategory",
  "pk": 446,
  "fields": {
    "category": 4,
    "symbol": "SPE",
    "description": "Swimming Pool Equipment",
    "is_active": true
  }
},
{
  "model": "reports.subcategory",
  "pk": 447,
  "fields": {
    "category": 4,
    "symbol": "HPU",
    "description": "Heat Pumps",
    "is_active": true
  }
},
{
  "model": "reports.subcategory",
  "pk": 448,
  "fields": {
    "category": 4,
    "symbol": "EBO",
    "description": "Electrical boiler",
    "is_active": true
  }
},
{
  "model": "reports.subcategory",
  "pk": 449,
  "fields": {
    "category": 4,
    "symbol": "VNT",
    "description": "Ventilation fans",
    "is_active": true
  }
},
{
  "model": "reports.subcategory",
  "pk": 450,
  "fields": {
    "category": 4,
    "symbol": "MOS",
    "description": "Motion sensors",
    "is_active": true
  }
},
{
  "model": "reports.subcategory",
  "pk": 451,
  "fields": {
    "category": 4,
    "symbol": "TVS",
    "description": "TV",
    "is_active": true
  }
},
{
  "model": "reports.subcategory",
  "pk": 452,
  "fields": {
    "category": 4,
    "symbol": "INT",
    "description": "Intercom",
    "is_active": true
  }
},
{
  "model": "reports.subcategory",
  "pk": 453,
  "fields": {
    "category": 4,
    "symbol": "FAL",
    "description": "Fire Alarm",
    "is_active": true
  }
},
{
  "model": "reports.subcategory",
  "pk": 454,
  "fields": {
    "category": 4,
    "symbol": "SAL",
    "description": "Security alarm",
    "is_active": true
  }
},
{
  "model": "reports.subcategory",
  "pk": 455,
  "fields": {
    "category": 4,
    "symbol": "GEN",
    "description": "Electrical Generator",
    "is_active": true
  }
},
{
  "model": "reports.subcategory",
  "pk": 456,
  "fields": {
    "category": 5,
    "symbol": "PHN",
    "description": "Phone Connection",
    "is_active": true
  }
},
{
  "model": "reports.subcategory",
  "pk": 457,
  "fields": {
    "category": 5,
    "symbol": "POM",
    "description": "Power meters",
    "is_active": true
  }
},
{
  "model": "reports.subcategory",
  "pk": 458,
  "fields": {
    "category": 5,
    "symbol": "WAM",
    "description": "water meters",
    "is_active": true
  }
},
{
  "model": "reports.subcategory",
  "pk": 459,
  "fields": {
    "category": 5,
    "symbol": "GSM",
    "description": "Gas meters",
    "is_active": true
  }
},
{
  "model": "reports.mastercode",
  "pk": 783,
  "fields": {
    "project_phase": 3,
    "category": 1,
    "subcategory": 409,
    "code": "PH02-SIT-GEO",
    "description": "Geotechnical Study Report",
    "display_order": 3,
    "is_active": true
  }
},
{
  "model": "reports.mastercode",
  "pk": 784,
  "fields": {
    "project_phase": 3,
    "category": 1,
    "subcategory": 8,
    "code": "PH02-SIT-SFN",
    "description": "Safety Site fence",
    "display_order": 4,
    "is_active": true
  }
},
{
  "model": "reports.mastercode",
  "pk": 785,
  "fields": {
    "project_phase": 3,
    "category": 1,
    "subcategory": 9,
    "code": "PH02-SIT-SEP",
    "description": "Site Electrical Pillar",
    "display_order": 5,
    "is_active": true
  }
},
{
  "model": "reports.mastercode",
  "pk": 786,
  "fields": {
    "project_phase": 3,
    "category": 1,
    "subcategory": 3,
    "code": "PH02-SIT-EXC",
    "description": "Excavation",
    "display_order": 6,
    "is_active": true
  }
},
{
  "model": "reports.mastercode",
  "pk": 787,
  "fields": {
    "project_phase": 3,
    "category": 1,
    "subcategory": 47,
    "code": "PH02-SIT-EXP",
    "description": "Excavation Support piling works",
    "display_order": 7,
    "is_active": true
  }
},
{
  "model": "reports.mastercode",
  "pk": 788,
  "fields": {
    "project_phase": 3,
    "category": 1,
    "subcategory": 48,
    "code": "PH02-SIT-EXR",
    "description": "Excavation Support retaining walls",
    "display_order": 8,
    "is_active": true
  }
},
{
  "model": "reports.mastercode",
  "pk": 789,
  "fields": {
    "project_phase": 3,
    "category": 1,
    "subcategory": 7,
    "code": "PH02-SIT-EXS",
    "description": "Excavation Support shootcrete",
    "display_order": 9,
    "is_active": true
  }
},
{
  "model": "reports.mastercode",
  "pk": 790,
  "fields": {
    "project_phase": 3,
    "category": 1,
    "subcategory": 6,
    "code": "PH02-SIT-QCI",
    "description": "Quality Control Inspection (Site Prep)",
    "display_order": 10,
    "is_active": true
  }
},
{
  "model": "reports.mastercode",
  "pk": 791,
  "fields": {
    "project_phase": 3,
    "category": 1,
    "subcategory": 10,
    "code": "PH02-SIT-UTI",
    "description": "Utilities",
    "display_order": 11,
    "is_active": true
  }
},
{
  "model": "reports.mastercode",
  "pk": 792,
  "fields": {
    "project_phase": 3,
    "category": 1,
    "subcategory": 11,
    "code": "PH02-SIT-WRK",
    "description": "Workers",
    "display_order": 12,
    "is_active": true
  }
},
{
  "model": "reports.mastercode",
  "pk": 793,
  "fields": {
    "project_phase": 3,
    "category": 1,
    "subcategory": 12,
    "code": "PH02-SIT-SEQ",
    "description": "Site equipment",
    "display_order": 13,
    "is_active": true
  }
},
{
  "model": "reports.mastercode",
  "pk": 794,
  "fields": {
    "project_phase": 3,
    "category": 1,
    "subcategory": 13,
    "code": "PH02-SIT-SFT",
    "description": "Safty",
    "display_order": 14,
    "is_active": true
  }
},
{
  "model": "reports.mastercode",
  "pk": 795,
  "fields": {
    "project_phase": 4,
    "category": 1,
    "subcategory": 4,
    "code": "PH03-SIT-FWP",
    "description": "Foundation Waterproofing",
    "display_order": 15,
    "is_active": true
  }
},
{
  "model": "reports.mastercode",
  "pk": 796,
  "fields": {
    "project_phase": 4,
    "category": 2,
    "subcategory": 15,
    "code": "PH03-STR-RFC",
    "description": "Reinforced Concrete",
    "display_order": 16,
    "is_active": true
  }
},
{
  "model": "reports.mastercode",
  "pk": 797,
  "fields": {
    "project_phase": 4,
    "category": 2,
    "subcategory": 49,
    "code": "PH03-STR-RFS",
    "description": "Reinforcment Steel",
    "display_order": 17,
    "is_active": true
  }
},
{
  "model": "reports.mastercode",
  "pk": 798,
  "fields": {
    "project_phase": 4,
    "category": 2,
    "subcategory": 50,
    "code": "PH03-STR-STF",
    "description": "Structural Filling",
    "display_order": 18,
    "is_active": true
  }
},
{
  "model": "reports.mastercode",
  "pk": 799,
  "fields": {
    "project_phase": 4,
    "category": 2,
    "subcategory": 51,
    "code": "PH03-STR-MCC",
    "description": "Metal Construction Columns and Beams",
    "display_order": 19,
    "is_active": true
  }
},
{
  "model": "reports.mastercode",
  "pk": 800,
  "fields": {
    "project_phase": 4,
    "category": 2,
    "subcategory": 52,
    "code": "PH03-STR-MCS",
    "description": "Metal Construction Slabs",
    "display_order": 20,
    "is_active": true
  }
},
{
  "model": "reports.mastercode",
  "pk": 801,
  "fields": {
    "project_phase": 4,
    "category": 2,
    "subcategory": 53,
    "code": "PH03-STR-MCB",
    "description": "Metal Construction Balconies",
    "display_order": 21,
    "is_active": true
  }
},
{
  "model": "reports.mastercode",
  "pk": 802,
  "fields": {
    "project_phase": 4,
    "category": 2,
    "subcategory": 54,
    "code": "PH03-STR-MCP",
    "description": "Metal Construction Pergolas",
    "display_order": 22,
    "is_active": true
  }
},
{
  "model": "reports.mastercode",
  "pk": 803,
  "fields": {
    "project_phase": 4,
    "category": 2,
    "subcategory": 55,
    "code": "PH03-STR-SPB",
    "description": "Metal Construction PV basis",
    "display_order": 23,
    "is_active": true
  }
},
{
  "model": "reports.mastercode",
  "pk": 804,
  "fields": {
    "project_phase": 4,
    "category": 2,
    "subcategory": 56,
    "code": "PH03-STR-SFC",
    "description": "Site Fence",
    "display_order": 24,
    "is_active": true
  }
},
{
  "model": "reports.mastercode",
  "pk": 805,
  "fields": {
    "project_phase": 4,
    "category": 2,
    "subcategory": 16,
    "code": "PH03-STR-BRW",
    "description": "Brick Walls",
    "display_order": 25,
    "is_active": true
  }
},
{
  "model": "reports.mastercode",
  "pk": 806,
  "fields": {
    "project_phase": 4,
    "category": 2,
    "subcategory": 57,
    "code": "PH03-STR-BHB",
    "description": "Base of Balcony Hand Railing",
    "display_order": 26,
    "is_active": true
  }
},
{
  "model": "reports.mastercode",
  "pk": 807,
  "fields": {
    "project_phase": 4,
    "category": 2,
    "subcategory": 58,
    "code": "PH03-STR-SHB",
    "description": "Base of Main Staircase Hand Railing",
    "display_order": 27,
    "is_active": true
  }
},
{
  "model": "reports.mastercode",
  "pk": 808,
  "fields": {
    "project_phase": 4,
    "category": 2,
    "subcategory": 59,
    "code": "PH03-STR-IHB",
    "description": "Base of Internal Staircase Hand Railing",
    "display_order": 28,
    "is_active": true
  }
},
{
  "model": "reports.mastercode",
  "pk": 809,
  "fields": {
    "project_phase": 4,
    "category": 1,
    "subcategory": 14,
    "code": "PH03-SIT-SCF",
    "description": "Scaffolding Erection",
    "display_order": 29,
    "is_active": true
  }
},
{
  "model": "reports.mastercode",
  "pk": 810,
  "fields": {
    "project_phase": 5,
    "category": 3,
    "subcategory": 21,
    "code": "PH04-ARC-GYP",
    "description": "Gypsum Board",
    "display_order": 30,
    "is_active": true
  }
},
{
  "model": "reports.mastercode",
  "pk": 811,
  "fields": {
    "project_phase": 5,
    "category": 4,
    "subcategory": 45,
    "code": "PH04-MEP-PLM",
    "description": "Plumping works",
    "display_order": 31,
    "is_active": true
  }
},
{
  "model": "reports.mastercode",
  "pk": 812,
  "fields": {
    "project_phase": 5,
    "category": 3,
    "subcategory": 25,
    "code": "PH04-ARC-LEV",
    "description": "Leveling Check",
    "display_order": 32,
    "is_active": true
  }
},
{
  "model": "reports.mastercode",
  "pk": 813,
  "fields": {
    "project_phase": 5,
    "category": 4,
    "subcategory": 44,
    "code": "PH04-MEP-ELC",
    "description": "Electrical works",
    "display_order": 33,
    "is_active": true
  }
},
{
  "model": "reports.mastercode",
  "pk": 814,
  "fields": {
    "project_phase": 5,
    "category": 4,
    "subcategory": 60,
    "code": "PH04-MEP-HAC",
    "description": "A.C",
    "display_order": 34,
    "is_active": true
  }
},
{
  "model": "reports.mastercode",
  "pk": 815,
  "fields": {
    "project_phase": 5,
    "category": 4,
    "subcategory": 61,
    "code": "PH04-MEP-HET",
    "description": "Heating System",
    "display_order": 35,
    "is_active": true
  }
},
{
  "model": "reports.mastercode",
  "pk": 816,
  "fields": {
    "project_phase": 5,
    "category": 4,
    "subcategory": 62,
    "code": "PH04-MEP-SWP",
    "description": "Swimming Pools",
    "display_order": 36,
    "is_active": true
  }
},
{
  "model": "reports.mastercode",
  "pk": 817,
  "fields": {
    "project_phase": 5,
    "category": 4,
    "subcategory": 63,
    "code": "PH04-MEP-ELV",
    "description": "Main Elevator",
    "display_order": 37,
    "is_active": true
  }
},
{
  "model": "reports.mastercode",
  "pk": 818,
  "fields": {
    "project_phase": 5,
    "category": 4,
    "subcategory": 64,
    "code": "PH04-MEP-CEL",
    "description": "Car Elevator",
    "display_order": 38,
    "is_active": true
  }
},
{
  "model": "reports.mastercode",
  "pk": 819,
  "fields": {
    "project_phase": 5,
    "category": 4,
    "subcategory": 65,
    "code": "PH04-MEP-PEL",
    "description": "Private Elevator",
    "display_order": 39,
    "is_active": true
  }
},
{
  "model": "reports.mastercode",
  "pk": 820,
  "fields": {
    "project_phase": 5,
    "category": 4,
    "subcategory": 66,
    "code": "PH04-MEP-LDR",
    "description": "Leanier Driange",
    "display_order": 40,
    "is_active": true
  }
},
{
  "model": "reports.mastercode",
  "pk": 821,
  "fields": {
    "project_phase": 6,
    "category": 3,
    "subcategory": 26,
    "code": "PH05-ARC-PLS",
    "description": "Plaster",
    "display_order": 41,
    "is_active": true
  }
},
{
  "model": "reports.mastercode",
  "pk": 822,
  "fields": {
    "project_phase": 6,
    "category": 3,
    "subcategory": 28,
    "code": "PH05-ARC-THR",
    "description": "Threshold",
    "display_order": 42,
    "is_active": true
  }
},
{
  "model": "reports.mastercode",
  "pk": 823,
  "fields": {
    "project_phase": 6,
    "category": 3,
    "subcategory": 29,
    "code": "PH05-ARC-PRP",
    "description": "Parapets",
    "display_order": 43,
    "is_active": true
  }
},
{
  "model": "reports.mastercode",
  "pk": 824,
  "fields": {
    "project_phase": 6,
    "category": 3,
    "subcategory": 22,
    "code": "PH05-ARC-THI",
    "description": "Thermal insulation",
    "display_order": 44,
    "is_active": true
  }
},
{
  "model": "reports.mastercode",
  "pk": 825,
  "fields": {
    "project_phase": 6,
    "category": 3,
    "subcategory": 30,
    "code": "PH05-ARC-FLF",
    "description": "Floor Filling",
    "display_order": 45,
    "is_active": true
  }
},
{
  "model": "reports.mastercode",
  "pk": 826,
  "fields": {
    "project_phase": 6,
    "category": 3,
    "subcategory": 410,
    "code": "PH05-ARC-ROI",
    "description": "Roof insulation",
    "display_order": 46,
    "is_active": true
  }
},
{
  "model": "reports.mastercode",
  "pk": 827,
  "fields": {
    "project_phase": 6,
    "category": 3,
    "subcategory": 411,
    "code": "PH05-ARC-TSI",
    "description": "Threshold Waterproof Insulation",
    "display_order": 47,
    "is_active": true
  }
},
{
  "model": "reports.mastercode",
  "pk": 828,
  "fields": {
    "project_phase": 6,
    "category": 3,
    "subcategory": 412,
    "code": "PH05-ARC-BTI",
    "description": "Bathroom Waterproof Insulation",
    "display_order": 48,
    "is_active": true
  }
},
{
  "model": "reports.mastercode",
  "pk": 829,
  "fields": {
    "project_phase": 6,
    "category": 3,
    "subcategory": 413,
    "code": "PH05-ARC-BCI",
    "description": "Balcony Waterproof Insulation",
    "display_order": 49,
    "is_active": true
  }
},
{
  "model": "reports.mastercode",
  "pk": 830,
  "fields": {
    "project_phase": 6,
    "category": 3,
    "subcategory": 31,
    "code": "PH05-ARC-SLF",
    "description": "Self Leveling",
    "display_order": 50,
    "is_active": true
  }
},
{
  "model": "reports.mastercode",
  "pk": 831,
  "fields": {
    "project_phase": 6,
    "category": 3,
    "subcategory": 24,
    "code": "PH05-ARC-ALM",
    "description": "Aluminum Frames",
    "display_order": 51,
    "is_active": true
  }
},
{
  "model": "reports.mastercode",
  "pk": 832,
  "fields": {
    "project_phase": 6,
    "category": 3,
    "subcategory": 41,
    "code": "PH05-ARC-CEL",
    "description": "Outdoor Ceiling",
    "display_order": 52,
    "is_active": true
  }
},
{
  "model": "reports.mastercode",
  "pk": 833,
  "fields": {
    "project_phase": 7,
    "category": 3,
    "subcategory": 414,
    "code": "PH06-ARC-TIB",
    "description": "Tiles Bathroom",
    "display_order": 53,
    "is_active": true
  }
},
{
  "model": "reports.mastercode",
  "pk": 834,
  "fields": {
    "project_phase": 7,
    "category": 3,
    "subcategory": 415,
    "code": "PH06-ARC-TIF",
    "description": "Tiles Floor",
    "display_order": 54,
    "is_active": true
  }
},
{
  "model": "reports.mastercode",
  "pk": 835,
  "fields": {
    "project_phase": 7,
    "category": 3,
    "subcategory": 416,
    "code": "PH06-ARC-TIC",
    "description": "Tiles Balconies",
    "display_order": 55,
    "is_active": true
  }
},
{
  "model": "reports.mastercode",
  "pk": 836,
  "fields": {
    "project_phase": 7,
    "category": 2,
    "subcategory": 20,
    "code": "PH06-STR-HND",
    "description": "Hand railing",
    "display_order": 56,
    "is_active": true
  }
},
{
  "model": "reports.mastercode",
  "pk": 837,
  "fields": {
    "project_phase": 7,
    "category": 3,
    "subcategory": 27,
    "code": "PH06-ARC-PNT",
    "description": "Paint",
    "display_order": 57,
    "is_active": true
  }
},
{
  "model": "reports.mastercode",
  "pk": 838,
  "fields": {
    "project_phase": 7,
    "category": 3,
    "subcategory": 32,
    "code": "PH06-ARC-MRB",
    "description": "Marbles (Marble Flooring/Cladding)",
    "display_order": 58,
    "is_active": true
  }
},
{
  "model": "reports.mastercode",
  "pk": 839,
  "fields": {
    "project_phase": 7,
    "category": 3,
    "subcategory": 33,
    "code": "PH06-ARC-WTF",
    "description": "Wood Flooring",
    "display_order": 59,
    "is_active": true
  }
},
{
  "model": "reports.mastercode",
  "pk": 840,
  "fields": {
    "project_phase": 7,
    "category": 3,
    "subcategory": 37,
    "code": "PH06-ARC-DOR",
    "description": "Internal Doors",
    "display_order": 60,
    "is_active": true
  }
},
{
  "model": "reports.mastercode",
  "pk": 841,
  "fields": {
    "project_phase": 7,
    "category": 3,
    "subcategory": 417,
    "code": "PH06-ARC-WRD",
    "description": "Wardrobes",
    "display_order": 61,
    "is_active": true
  }
},
{
  "model": "reports.mastercode",
  "pk": 842,
  "fields": {
    "project_phase": 7,
    "category": 3,
    "subcategory": 418,
    "code": "PH06-ARC-KIT",
    "description": "Kitchens",
    "display_order": 62,
    "is_active": true
  }
},
{
  "model": "reports.mastercode",
  "pk": 843,
  "fields": {
    "project_phase": 7,
    "category": 3,
    "subcategory": 419,
    "code": "PH06-ARC-SCD",
    "description": "Security Doors",
    "display_order": 63,
    "is_active": true
  }
},
{
  "model": "reports.mastercode",
  "pk": 844,
  "fields": {
    "project_phase": 7,
    "category": 3,
    "subcategory": 420,
    "code": "PH06-ARC-END",
    "description": "Enterance Doors",
    "display_order": 64,
    "is_active": true
  }
},
{
  "model": "reports.mastercode",
  "pk": 845,
  "fields": {
    "project_phase": 7,
    "category": 3,
    "subcategory": 421,
    "code": "PH06-ARC-PRD",
    "description": "Parking Door",
    "display_order": 65,
    "is_active": true
  }
},
{
  "model": "reports.mastercode",
  "pk": 846,
  "fields": {
    "project_phase": 7,
    "category": 3,
    "subcategory": 422,
    "code": "PH06-ARC-STD",
    "description": "Storage Doors",
    "display_order": 66,
    "is_active": true
  }
},
{
  "model": "reports.mastercode",
  "pk": 847,
  "fields": {
    "project_phase": 7,
    "category": 3,
    "subcategory": 423,
    "code": "PH06-ARC-INF",
    "description": "Industrial floor",
    "display_order": 67,
    "is_active": true
  }
},
{
  "model": "reports.mastercode",
  "pk": 848,
  "fields": {
    "project_phase": 7,
    "category": 3,
    "subcategory": 40,
    "code": "PH06-ARC-ALE",
    "description": "Aliminium exterior elements",
    "display_order": 68,
    "is_active": true
  }
},
{
  "model": "reports.mastercode",
  "pk": 849,
  "fields": {
    "project_phase": 7,
    "category": 3,
    "subcategory": 424,
    "code": "PH06-ARC-LNS",
    "description": "Landscape",
    "display_order": 69,
    "is_active": true
  }
},
{
  "model": "reports.mastercode",
  "pk": 850,
  "fields": {
    "project_phase": 7,
    "category": 3,
    "subcategory": 42,
    "code": "PH06-ARC-SDW",
    "description": "Sidewalk Construction",
    "display_order": 70,
    "is_active": true
  }
},
{
  "model": "reports.mastercode",
  "pk": 851,
  "fields": {
    "project_phase": 7,
    "category": 4,
    "subcategory": 425,
    "code": "PH06-MEP-SOS",
    "description": "Smoke out system",
    "display_order": 71,
    "is_active": true
  }
},
{
  "model": "reports.mastercode",
  "pk": 852,
  "fields": {
    "project_phase": 7,
    "category": 4,
    "subcategory": 426,
    "code": "PH06-MEP-SOP",
    "description": "Solar Panels",
    "display_order": 72,
    "is_active": true
  }
},
{
  "model": "reports.mastercode",
  "pk": 853,
  "fields": {
    "project_phase": 7,
    "category": 4,
    "subcategory": 427,
    "code": "PH06-MEP-PVS",
    "description": "PV systems",
    "display_order": 73,
    "is_active": true
  }
},
{
  "model": "reports.mastercode",
  "pk": 854,
  "fields": {
    "project_phase": 7,
    "category": 3,
    "subcategory": 43,
    "code": "PH06-ARC-MEN",
    "description": "Main Entrance",
    "display_order": 74,
    "is_active": true
  }
},
{
  "model": "reports.mastercode",
  "pk": 855,
  "fields": {
    "project_phase": 8,
    "category": 4,
    "subcategory": 428,
    "code": "PH07-MEP-RAD",
    "description": "Heating Radiators",
    "display_order": 75,
    "is_active": true
  }
},
{
  "model": "reports.mastercode",
  "pk": 856,
  "fields": {
    "project_phase": 8,
    "category": 4,
    "subcategory": 429,
    "code": "PH07-MEP-SNF",
    "description": "Faucets",
    "display_order": 76,
    "is_active": true
  }
},
{
  "model": "reports.mastercode",
  "pk": 857,
  "fields": {
    "project_phase": 8,
    "category": 4,
    "subcategory": 430,
    "code": "PH07-MEP-SNS",
    "description": "Sinks",
    "display_order": 77,
    "is_active": true
  }
},
{
  "model": "reports.mastercode",
  "pk": 858,
  "fields": {
    "project_phase": 8,
    "category": 4,
    "subcategory": 431,
    "code": "PH07-MEP-SNT",
    "description": "Toilets",
    "display_order": 78,
    "is_active": true
  }
},
{
  "model": "reports.mastercode",
  "pk": 859,
  "fields": {
    "project_phase": 8,
    "category": 4,
    "subcategory": 432,
    "code": "PH07-MEP-SNA",
    "description": "Acessories",
    "display_order": 79,
    "is_active": true
  }
},
{
  "model": "reports.mastercode",
  "pk": 860,
  "fields": {
    "project_phase": 8,
    "category": 3,
    "subcategory": 35,
    "code": "PH07-ARC-GMC",
    "description": "Glass Cabinets & Mirrors",
    "display_order": 80,
    "is_active": true
  }
},
{
  "model": "reports.mastercode",
  "pk": 861,
  "fields": {
    "project_phase": 8,
    "category": 3,
    "subcategory": 433,
    "code": "PH07-ARC-BCB",
    "description": "Bath Cabinets",
    "display_order": 81,
    "is_active": true
  }
},
{
  "model": "reports.mastercode",
  "pk": 862,
  "fields": {
    "project_phase": 8,
    "category": 4,
    "subcategory": 434,
    "code": "PH07-MEP-SWS",
    "description": "Sockets & Switches (Electrical Fixtures)",
    "display_order": 82,
    "is_active": true
  }
},
{
  "model": "reports.mastercode",
  "pk": 863,
  "fields": {
    "project_phase": 8,
    "category": 4,
    "subcategory": 435,
    "code": "PH07-MEP-LIN",
    "description": "Light Spot",
    "display_order": 83,
    "is_active": true
  }
},
{
  "model": "reports.mastercode",
  "pk": 864,
  "fields": {
    "project_phase": 8,
    "category": 4,
    "subcategory": 436,
    "code": "PH07-MEP-LUD",
    "description": "Light Aplikas / Down lights",
    "display_order": 84,
    "is_active": true
  }
},
{
  "model": "reports.mastercode",
  "pk": 865,
  "fields": {
    "project_phase": 8,
    "category": 4,
    "subcategory": 437,
    "code": "PH07-MEP-LPR",
    "description": "Light Parking",
    "display_order": 85,
    "is_active": true
  }
},
{
  "model": "reports.mastercode",
  "pk": 866,
  "fields": {
    "project_phase": 8,
    "category": 4,
    "subcategory": 438,
    "code": "PH07-MEP-LWH",
    "description": "Warehouse lights",
    "display_order": 86,
    "is_active": true
  }
},
{
  "model": "reports.mastercode",
  "pk": 867,
  "fields": {
    "project_phase": 8,
    "category": 4,
    "subcategory": 439,
    "code": "PH07-MEP-LST",
    "description": "Led Strips",
    "display_order": 87,
    "is_active": true
  }
},
{
  "model": "reports.mastercode",
  "pk": 868,
  "fields": {
    "project_phase": 8,
    "category": 4,
    "subcategory": 440,
    "code": "PH07-MEP-LEX",
    "description": "ΕΧΙΤ",
    "display_order": 88,
    "is_active": true
  }
},
{
  "model": "reports.mastercode",
  "pk": 869,
  "fields": {
    "project_phase": 8,
    "category": 4,
    "subcategory": 441,
    "code": "PH07-MEP-VGR",
    "description": "Vent. Grills",
    "display_order": 89,
    "is_active": true
  }
},
{
  "model": "reports.mastercode",
  "pk": 870,
  "fields": {
    "project_phase": 8,
    "category": 4,
    "subcategory": 442,
    "code": "PH07-MEP-HOD",
    "description": "Electric hood",
    "display_order": 90,
    "is_active": true
  }
},
{
  "model": "reports.mastercode",
  "pk": 871,
  "fields": {
    "project_phase": 8,
    "category": 4,
    "subcategory": 443,
    "code": "PH07-MEP-GBO",
    "description": "Gas Boilers",
    "display_order": 91,
    "is_active": true
  }
},
{
  "model": "reports.mastercode",
  "pk": 872,
  "fields": {
    "project_phase": 8,
    "category": 4,
    "subcategory": 444,
    "code": "PH07-MEP-EPU",
    "description": "Electric Pumps",
    "display_order": 92,
    "is_active": true
  }
},
{
  "model": "reports.mastercode",
  "pk": 873,
  "fields": {
    "project_phase": 8,
    "category": 4,
    "subcategory": 445,
    "code": "PH07-MEP-SMH",
    "description": "Smart Home eqiupment",
    "display_order": 93,
    "is_active": true
  }
},
{
  "model": "reports.mastercode",
  "pk": 874,
  "fields": {
    "project_phase": 8,
    "category": 4,
    "subcategory": 446,
    "code": "PH07-MEP-SPE",
    "description": "Swimming Pool Equipment",
    "display_order": 94,
    "is_active": true
  }
},
{
  "model": "reports.mastercode",
  "pk": 875,
  "fields": {
    "project_phase": 8,
    "category": 4,
    "subcategory": 447,
    "code": "PH07-MEP-HPU",
    "description": "Heat Pumps",
    "display_order": 95,
    "is_active": true
  }
},
{
  "model": "reports.mastercode",
  "pk": 876,
  "fields": {
    "project_phase": 8,
    "category": 4,
    "subcategory": 448,
    "code": "PH07-MEP-EBO",
    "description": "Electrical boiler",
    "display_order": 96,
    "is_active": true
  }
},
{
  "model": "reports.mastercode",
  "pk": 877,
  "fields": {
    "project_phase": 8,
    "category": 4,
    "subcategory": 449,
    "code": "PH07-MEP-VNT",
    "description": "Ventilation fans",
    "display_order": 97,
    "is_active": true
  }
},
{
  "model": "reports.mastercode",
  "pk": 878,
  "fields": {
    "project_phase": 8,
    "category": 4,
    "subcategory": 450,
    "code": "PH07-MEP-MOS",
    "description": "Motion sensors",
    "display_order": 98,
    "is_active": true
  }
},
{
  "model": "reports.mastercode",
  "pk": 879,
  "fields": {
    "project_phase": 8,
    "category": 4,
    "subcategory": 451,
    "code": "PH07-MEP-TVS",
    "description": "TV",
    "display_order": 99,
    "is_active": true
  }
},
{
  "model": "reports.mastercode",
  "pk": 880,
  "fields": {
    "project_phase": 8,
    "category": 4,
    "subcategory": 452,
    "code": "PH07-MEP-INT",
    "description": "Intercom",
    "display_order": 100,
    "is_active": true
  }
},
{
  "model": "reports.mastercode",
  "pk": 881,
  "fields": {
    "project_phase": 8,
    "category": 4,
    "subcategory": 453,
    "code": "PH07-MEP-FAL",
    "description": "Fire Alarm",
    "display_order": 101,
    "is_active": true
  }
},
{
  "model": "reports.mastercode",
  "pk": 882,
  "fields": {
    "project_phase": 8,
    "category": 4,
    "subcategory": 454,
    "code": "PH07-MEP-SAL",
    "description": "Security alarm",
    "display_order": 102,
    "is_active": true
  }
},
{
  "model": "reports.mastercode",
  "pk": 883,
  "fields": {
    "project_phase": 8,
    "category": 4,
    "subcategory": 455,
    "code": "PH07-MEP-GEN",
    "description": "Electrical Generator",
    "display_order": 103,
    "is_active": true
  }
},
{
  "model": "reports.mastercode",
  "pk": 884,
  "fields": {
    "project_phase": 9,
    "category": 5,
    "subcategory": 456,
    "code": "PH08-GOV-PHN",
    "description": "Phone Connection",
    "display_order": 104,
    "is_active": true
  }
},
{
  "model": "reports.mastercode",
  "pk": 885,
  "fields": {
    "project_phase": 9,
    "category": 5,
    "subcategory": 457,
    "code": "PH08-GOV-POM",
    "description": "Power meters",
    "display_order": 105,
    "is_active": true
  }
},
{
  "model": "reports.mastercode",
  "pk": 886,
  "fields": {
    "project_phase": 9,
    "category": 5,
    "subcategory": 458,
    "code": "PH08-GOV-WAM",
    "description": "water meters",
    "display_order": 106,
    "is_active": true
  }
},
{
  "model": "reports.mastercode",
  "pk": 887,
  "fields": {
    "project_phase": 9,
    "category": 5,
    "subcategory": 459,
    "code": "PH08-GOV-GSM",
    "description": "Gas meters",
    "display_order": 107,
    "is_active": true
  }
},
{
  "model": "reports.equipmentmaster",
  "pk": 1,
  "fields": {
    "code": "01",
    "name": "machine",
    "type": "test",
    "owner": null,
    "supplier": null,
    "status": "Available"
  }
},
{
  "model": "reports.lookupitem",
  "pk": 8,
  "fields": {
    "list_type": "visit_type",
    "value": "Supervision",
    "sort_order": 0,
    "is_active": true
  }
},
{
  "model": "reports.lookupitem",
  "pk": 9,
  "fields": {
    "list_type": "visit_type",
    "value": "Owner",
    "sort_order": 0,
    "is_active": true
  }
},
{
  "model": "reports.lookupitem",
  "pk": 10,
  "fields": {
    "list_type": "visit_type",
    "value": "Safety",
    "sort_order": 0,
    "is_active": true
  }
},
{
  "model": "reports.lookupitem",
  "pk": 11,
  "fields": {
    "list_type": "visit_type",
    "value": "Government",
    "sort_order": 0,
    "is_active": true
  }
},
{
  "model": "reports.lookupitem",
  "pk": 12,
  "fields": {
    "list_type": "visit_type",
    "value": "Archaeologist",
    "sort_order": 0,
    "is_active": true
  }
},
{
  "model": "reports.lookupitem",
  "pk": 13,
  "fields": {
    "list_type": "visit_type",
    "value": "Electricity Service",
    "sort_order": 0,
    "is_active": true
  }
},
{
  "model": "reports.lookupitem",
  "pk": 14,
  "fields": {
    "list_type": "visit_type",
    "value": "Water Service",
    "sort_order": 0,
    "is_active": true
  }
},
{
  "model": "reports.lookupitem",
  "pk": 15,
  "fields": {
    "list_type": "visit_type",
    "value": "Consultant",
    "sort_order": 0,
    "is_active": true
  }
},
{
  "model": "reports.lookupitem",
  "pk": 16,
  "fields": {
    "list_type": "visit_type",
    "value": "Client",
    "sort_order": 0,
    "is_active": true
  }
},
{
  "model": "reports.lookupitem",
  "pk": 17,
  "fields": {
    "list_type": "visit_type",
    "value": "Municipality",
    "sort_order": 0,
    "is_active": true
  }
},
{
  "model": "reports.lookupitem",
  "pk": 18,
  "fields": {
    "list_type": "visit_type",
    "value": "Inspector",
    "sort_order": 0,
    "is_active": true
  }
},
{
  "model": "reports.lookupitem",
  "pk": 19,
  "fields": {
    "list_type": "visit_type",
    "value": "Utility Service",
    "sort_order": 0,
    "is_active": true
  }
},
{
  "model": "reports.lookupitem",
  "pk": 20,
  "fields": {
    "list_type": "uom",
    "value": "m2",
    "sort_order": 0,
    "is_active": true
  }
},
{
  "model": "reports.lookupitem",
  "pk": 21,
  "fields": {
    "list_type": "uom",
    "value": "m3",
    "sort_order": 0,
    "is_active": true
  }
},
{
  "model": "reports.lookupitem",
  "pk": 22,
  "fields": {
    "list_type": "uom",
    "value": "m",
    "sort_order": 0,
    "is_active": true
  }
},
{
  "model": "reports.lookupitem",
  "pk": 23,
  "fields": {
    "list_type": "status",
    "value": "Planned",
    "sort_order": 0,
    "is_active": true
  }
},
{
  "model": "reports.lookupitem",
  "pk": 24,
  "fields": {
    "list_type": "status",
    "value": "In Progress",
    "sort_order": 0,
    "is_active": true
  }
},
{
  "model": "reports.lookupitem",
  "pk": 25,
  "fields": {
    "list_type": "status",
    "value": "Done",
    "sort_order": 0,
    "is_active": true
  }
},
{
  "model": "reports.lookupitem",
  "pk": 26,
  "fields": {
    "list_type": "status",
    "value": "Blocked",
    "sort_order": 0,
    "is_active": true
  }
},
{
  "model": "reports.lookupitem",
  "pk": 27,
  "fields": {
    "list_type": "qc_result",
    "value": "Excellent",
    "sort_order": 0,
    "is_active": true
  }
},
{
  "model": "reports.lookupitem",
  "pk": 28,
  "fields": {
    "list_type": "qc_result",
    "value": "Good",
    "sort_order": 0,
    "is_active": true
  }
},
{
  "model": "reports.lookupitem",
  "pk": 29,
  "fields": {
    "list_type": "qc_result",
    "value": "Fair",
    "sort_order": 0,
    "is_active": true
  }
},
{
  "model": "reports.lookupitem",
  "pk": 30,
  "fields": {
    "list_type": "qc_result",
    "value": "Poor",
    "sort_order": 0,
    "is_active": true
  }
},
{
  "model": "reports.lookupitem",
  "pk": 31,
  "fields": {
    "list_type": "qc_result",
    "value": "Rework Required",
    "sort_order": 0,
    "is_active": true
  }
},
{
  "model": "reports.lookupitem",
  "pk": 32,
  "fields": {
    "list_type": "severity",
    "value": "Risky",
    "sort_order": 0,
    "is_active": true
  }
},
{
  "model": "reports.lookupitem",
  "pk": 33,
  "fields": {
    "list_type": "severity",
    "value": "High",
    "sort_order": 0,
    "is_active": true
  }
},
{
  "model": "reports.lookupitem",
  "pk": 34,
  "fields": {
    "list_type": "severity",
    "value": "Medium",
    "sort_order": 0,
    "is_active": true
  }
},
{
  "model": "reports.lookupitem",
  "pk": 35,
  "fields": {
    "list_type": "severity",
    "value": "Low",
    "sort_order": 0,
    "is_active": true
  }
},
{
  "model": "reports.lookupitem",
  "pk": 36,
  "fields": {
    "list_type": "followup",
    "value": "PM",
    "sort_order": 0,
    "is_active": true
  }
},
{
  "model": "reports.lookupitem",
  "pk": 37,
  "fields": {
    "list_type": "followup",
    "value": "Procurement",
    "sort_order": 0,
    "is_active": true
  }
},
{
  "model": "reports.lookupitem",
  "pk": 38,
  "fields": {
    "list_type": "followup",
    "value": "Finance",
    "sort_order": 0,
    "is_active": true
  }
},
{
  "model": "reports.lookupitem",
  "pk": 39,
  "fields": {
    "list_type": "followup",
    "value": "Site Engineer",
    "sort_order": 0,
    "is_active": true
  }
},
{
  "model": "reports.lookupitem",
  "pk": 40,
  "fields": {
    "list_type": "followup",
    "value": "Structural Engineer",
    "sort_order": 0,
    "is_active": true
  }
},
{
  "model": "reports.lookupitem",
  "pk": 41,
  "fields": {
    "list_type": "followup",
    "value": "MEP Engineer",
    "sort_order": 0,
    "is_active": true
  }
},
{
  "model": "reports.lookupitem",
  "pk": 42,
  "fields": {
    "list_type": "followup",
    "value": "Supplier",
    "sort_order": 0,
    "is_active": true
  }
},
{
  "model": "reports.lookupitem",
  "pk": 43,
  "fields": {
    "list_type": "followup",
    "value": "Subcontractor",
    "sort_order": 0,
    "is_active": true
  }
},
{
  "model": "reports.lookupitem",
  "pk": 44,
  "fields": {
    "list_type": "followup",
    "value": "Client",
    "sort_order": 0,
    "is_active": true
  }
},
{
  "model": "reports.lookupitem",
  "pk": 45,
  "fields": {
    "list_type": "followup",
    "value": "Consultant",
    "sort_order": 0,
    "is_active": true
  }
},
{
  "model": "reports.lookupitem",
  "pk": 46,
  "fields": {
    "list_type": "followup",
    "value": "Consultant",
    "sort_order": 0,
    "is_active": true
  }
},
{
  "model": "reports.lookupitem",
  "pk": 47,
  "fields": {
    "list_type": "workforce",
    "value": "Company",
    "sort_order": 0,
    "is_active": true
  }
},
{
  "model": "reports.lookupitem",
  "pk": 48,
  "fields": {
    "list_type": "workforce",
    "value": "Subcontractor",
    "sort_order": 0,
    "is_active": true
  }
},
{
  "model": "reports.lookupitem",
  "pk": 49,
  "fields": {
    "list_type": "skill_level",
    "value": "Skilled",
    "sort_order": 0,
    "is_active": true
  }
},
{
  "model": "reports.lookupitem",
  "pk": 50,
  "fields": {
    "list_type": "skill_level",
    "value": "Helper",
    "sort_order": 0,
    "is_active": true
  }
},
{
  "model": "reports.lookupitem",
  "pk": 51,
  "fields": {
    "list_type": "usage_type",
    "value": "Hourly",
    "sort_order": 0,
    "is_active": true
  }
},
{
  "model": "reports.lookupitem",
  "pk": 52,
  "fields": {
    "list_type": "usage_type",
    "value": "Daily",
    "sort_order": 0,
    "is_active": true
  }
},
{
  "model": "reports.dailyreport",
  "pk": 11,
  "fields": {
    "project": 2,
    "reference_date": "2026-05-22",
    "status": "draft",
    "weather_condition": "Overcast",
    "temperature": "22.50",
    "weather_source": "api_confirmed",
    "weather_confirmed": true,
    "weather_note": "",
    "general_notes": "",
    "created_by": [
      "fatima"
    ],
    "reviewed_by": null,
    "reviewed_at": null,
    "created_at": "2026-05-22T08:12:02.996Z",
    "updated_at": "2026-05-22T08:12:02.996Z"
  }
},
{
  "model": "reports.dailyreport",
  "pk": 12,
  "fields": {
    "project": 10,
    "reference_date": "2026-05-25",
    "status": "draft",
    "weather_condition": "Partly Cloudy",
    "temperature": "27.00",
    "weather_source": "api_confirmed",
    "weather_confirmed": true,
    "weather_note": "",
    "general_notes": "",
    "created_by": [
      "C_Pappas"
    ],
    "reviewed_by": null,
    "reviewed_at": null,
    "created_at": "2026-05-25T10:54:50.458Z",
    "updated_at": "2026-05-25T11:03:07.334Z"
  }
},
{
  "model": "admin.logentry",
  "pk": 1,
  "fields": {
    "action_time": "2026-04-20T12:28:49.742Z",
    "user": [
      "fatima"
    ],
    "content_type": [
      "reports",
      "project"
    ],
    "object_id": "1",
    "object_repr": "aversion_01",
    "action_flag": 1,
    "change_message": "[{\"added\": {}}]"
  }
},
{
  "model": "admin.logentry",
  "pk": 2,
  "fields": {
    "action_time": "2026-04-20T12:29:21.032Z",
    "user": [
      "fatima"
    ],
    "content_type": [
      "reports",
      "project"
    ],
    "object_id": "2",
    "object_repr": "mversion_02",
    "action_flag": 1,
    "change_message": "[{\"added\": {}}]"
  }
},
{
  "model": "admin.logentry",
  "pk": 3,
  "fields": {
    "action_time": "2026-04-20T12:29:46.025Z",
    "user": [
      "fatima"
    ],
    "content_type": [
      "reports",
      "project"
    ],
    "object_id": "3",
    "object_repr": "sversion_05",
    "action_flag": 1,
    "change_message": "[{\"added\": {}}]"
  }
},
{
  "model": "admin.logentry",
  "pk": 4,
  "fields": {
    "action_time": "2026-04-20T12:30:08.909Z",
    "user": [
      "fatima"
    ],
    "content_type": [
      "reports",
      "project"
    ],
    "object_id": "4",
    "object_repr": "gversion_06",
    "action_flag": 1,
    "change_message": "[{\"added\": {}}]"
  }
},
{
  "model": "admin.logentry",
  "pk": 5,
  "fields": {
    "action_time": "2026-04-20T12:31:57.615Z",
    "user": [
      "fatima"
    ],
    "content_type": [
      "reports",
      "project"
    ],
    "object_id": "5",
    "object_repr": "tversion_09",
    "action_flag": 1,
    "change_message": "[{\"added\": {}}]"
  }
},
{
  "model": "admin.logentry",
  "pk": 6,
  "fields": {
    "action_time": "2026-04-20T12:32:18.136Z",
    "user": [
      "fatima"
    ],
    "content_type": [
      "reports",
      "project"
    ],
    "object_id": "6",
    "object_repr": "zversion_12",
    "action_flag": 1,
    "change_message": "[{\"added\": {}}]"
  }
},
{
  "model": "admin.logentry",
  "pk": 7,
  "fields": {
    "action_time": "2026-04-20T12:32:37.579Z",
    "user": [
      "fatima"
    ],
    "content_type": [
      "reports",
      "project"
    ],
    "object_id": "7",
    "object_repr": "iversion_15",
    "action_flag": 1,
    "change_message": "[{\"added\": {}}]"
  }
},
{
  "model": "admin.logentry",
  "pk": 8,
  "fields": {
    "action_time": "2026-04-20T12:32:55.855Z",
    "user": [
      "fatima"
    ],
    "content_type": [
      "reports",
      "project"
    ],
    "object_id": "8",
    "object_repr": "fversion_17",
    "action_flag": 1,
    "change_message": "[{\"added\": {}}]"
  }
},
{
  "model": "admin.logentry",
  "pk": 9,
  "fields": {
    "action_time": "2026-04-20T12:33:15.299Z",
    "user": [
      "fatima"
    ],
    "content_type": [
      "reports",
      "project"
    ],
    "object_id": "9",
    "object_repr": "dversion_19",
    "action_flag": 1,
    "change_message": "[{\"added\": {}}]"
  }
},
{
  "model": "admin.logentry",
  "pk": 10,
  "fields": {
    "action_time": "2026-04-20T12:34:03.717Z",
    "user": [
      "fatima"
    ],
    "content_type": [
      "reports",
      "project"
    ],
    "object_id": "9",
    "object_repr": "dversion_19",
    "action_flag": 2,
    "change_message": "[{\"changed\": {\"fields\": [\"Site engineer\", \"Project manager\"]}}]"
  }
},
{
  "model": "admin.logentry",
  "pk": 11,
  "fields": {
    "action_time": "2026-04-20T12:34:16.194Z",
    "user": [
      "fatima"
    ],
    "content_type": [
      "reports",
      "project"
    ],
    "object_id": "8",
    "object_repr": "fversion_17",
    "action_flag": 2,
    "change_message": "[{\"changed\": {\"fields\": [\"Site engineer\"]}}]"
  }
},
{
  "model": "admin.logentry",
  "pk": 12,
  "fields": {
    "action_time": "2026-04-20T12:34:32.992Z",
    "user": [
      "fatima"
    ],
    "content_type": [
      "reports",
      "project"
    ],
    "object_id": "7",
    "object_repr": "iversion_15",
    "action_flag": 2,
    "change_message": "[{\"changed\": {\"fields\": [\"Site engineer\", \"Project manager\"]}}]"
  }
},
{
  "model": "admin.logentry",
  "pk": 13,
  "fields": {
    "action_time": "2026-04-20T12:34:45.249Z",
    "user": [
      "fatima"
    ],
    "content_type": [
      "reports",
      "project"
    ],
    "object_id": "6",
    "object_repr": "zversion_12",
    "action_flag": 2,
    "change_message": "[{\"changed\": {\"fields\": [\"Site engineer\"]}}]"
  }
},
{
  "model": "admin.logentry",
  "pk": 14,
  "fields": {
    "action_time": "2026-04-20T12:35:01.482Z",
    "user": [
      "fatima"
    ],
    "content_type": [
      "reports",
      "project"
    ],
    "object_id": "5",
    "object_repr": "tversion_09",
    "action_flag": 2,
    "change_message": "[{\"changed\": {\"fields\": [\"Site engineer\"]}}]"
  }
},
{
  "model": "admin.logentry",
  "pk": 15,
  "fields": {
    "action_time": "2026-04-20T12:35:16.274Z",
    "user": [
      "fatima"
    ],
    "content_type": [
      "reports",
      "project"
    ],
    "object_id": "4",
    "object_repr": "gversion_06",
    "action_flag": 2,
    "change_message": "[{\"changed\": {\"fields\": [\"Site engineer\", \"Project manager\"]}}]"
  }
},
{
  "model": "admin.logentry",
  "pk": 16,
  "fields": {
    "action_time": "2026-04-20T12:35:46.114Z",
    "user": [
      "fatima"
    ],
    "content_type": [
      "reports",
      "project"
    ],
    "object_id": "3",
    "object_repr": "sversion_05",
    "action_flag": 2,
    "change_message": "[{\"changed\": {\"fields\": [\"Site engineer\", \"Project manager\"]}}]"
  }
},
{
  "model": "admin.logentry",
  "pk": 17,
  "fields": {
    "action_time": "2026-04-20T12:35:59.050Z",
    "user": [
      "fatima"
    ],
    "content_type": [
      "reports",
      "project"
    ],
    "object_id": "2",
    "object_repr": "mversion_02",
    "action_flag": 2,
    "change_message": "[]"
  }
},
{
  "model": "admin.logentry",
  "pk": 18,
  "fields": {
    "action_time": "2026-04-21T10:52:14.410Z",
    "user": [
      "fatima"
    ],
    "content_type": [
      "reports",
      "lookupitem"
    ],
    "object_id": "1",
    "object_repr": "Weather - <= (5)",
    "action_flag": 1,
    "change_message": "[{\"added\": {}}]"
  }
},
{
  "model": "admin.logentry",
  "pk": 19,
  "fields": {
    "action_time": "2026-04-21T10:52:47.491Z",
    "user": [
      "fatima"
    ],
    "content_type": [
      "reports",
      "lookupitem"
    ],
    "object_id": "2",
    "object_repr": "Weather - Sunny",
    "action_flag": 1,
    "change_message": "[{\"added\": {}}]"
  }
},
{
  "model": "admin.logentry",
  "pk": 20,
  "fields": {
    "action_time": "2026-04-21T10:52:55.878Z",
    "user": [
      "fatima"
    ],
    "content_type": [
      "reports",
      "lookupitem"
    ],
    "object_id": "3",
    "object_repr": "Weather - Cloudy",
    "action_flag": 1,
    "change_message": "[{\"added\": {}}]"
  }
},
{
  "model": "admin.logentry",
  "pk": 21,
  "fields": {
    "action_time": "2026-04-21T10:53:08.305Z",
    "user": [
      "fatima"
    ],
    "content_type": [
      "reports",
      "lookupitem"
    ],
    "object_id": "4",
    "object_repr": "Weather - Rain",
    "action_flag": 1,
    "change_message": "[{\"added\": {}}]"
  }
},
{
  "model": "admin.logentry",
  "pk": 22,
  "fields": {
    "action_time": "2026-04-21T10:53:12.208Z",
    "user": [
      "fatima"
    ],
    "content_type": [
      "reports",
      "lookupitem"
    ],
    "object_id": "5",
    "object_repr": "Weather - Windy",
    "action_flag": 1,
    "change_message": "[{\"added\": {}}]"
  }
},
{
  "model": "admin.logentry",
  "pk": 23,
  "fields": {
    "action_time": "2026-04-21T10:53:19.835Z",
    "user": [
      "fatima"
    ],
    "content_type": [
      "reports",
      "lookupitem"
    ],
    "object_id": "6",
    "object_repr": "Weather - Storm",
    "action_flag": 1,
    "change_message": "[{\"added\": {}}]"
  }
},
{
  "model": "admin.logentry",
  "pk": 24,
  "fields": {
    "action_time": "2026-04-21T10:53:27.361Z",
    "user": [
      "fatima"
    ],
    "content_type": [
      "reports",
      "lookupitem"
    ],
    "object_id": "7",
    "object_repr": "Weather - Fog",
    "action_flag": 1,
    "change_message": "[{\"added\": {}}]"
  }
},
{
  "model": "admin.logentry",
  "pk": 25,
  "fields": {
    "action_time": "2026-04-21T11:14:37.140Z",
    "user": [
      "fatima"
    ],
    "content_type": [
      "reports",
      "lookupitem"
    ],
    "object_id": "7",
    "object_repr": "weather - Fog",
    "action_flag": 3,
    "change_message": ""
  }
},
{
  "model": "admin.logentry",
  "pk": 26,
  "fields": {
    "action_time": "2026-04-21T11:14:37.140Z",
    "user": [
      "fatima"
    ],
    "content_type": [
      "reports",
      "lookupitem"
    ],
    "object_id": "6",
    "object_repr": "weather - Storm",
    "action_flag": 3,
    "change_message": ""
  }
},
{
  "model": "admin.logentry",
  "pk": 27,
  "fields": {
    "action_time": "2026-04-21T11:14:37.140Z",
    "user": [
      "fatima"
    ],
    "content_type": [
      "reports",
      "lookupitem"
    ],
    "object_id": "5",
    "object_repr": "weather - Windy",
    "action_flag": 3,
    "change_message": ""
  }
},
{
  "model": "admin.logentry",
  "pk": 28,
  "fields": {
    "action_time": "2026-04-21T11:14:37.140Z",
    "user": [
      "fatima"
    ],
    "content_type": [
      "reports",
      "lookupitem"
    ],
    "object_id": "4",
    "object_repr": "weather - Rain",
    "action_flag": 3,
    "change_message": ""
  }
},
{
  "model": "admin.logentry",
  "pk": 29,
  "fields": {
    "action_time": "2026-04-21T11:14:37.140Z",
    "user": [
      "fatima"
    ],
    "content_type": [
      "reports",
      "lookupitem"
    ],
    "object_id": "3",
    "object_repr": "weather - Cloudy",
    "action_flag": 3,
    "change_message": ""
  }
},
{
  "model": "admin.logentry",
  "pk": 30,
  "fields": {
    "action_time": "2026-04-21T11:14:37.140Z",
    "user": [
      "fatima"
    ],
    "content_type": [
      "reports",
      "lookupitem"
    ],
    "object_id": "2",
    "object_repr": "weather - Sunny",
    "action_flag": 3,
    "change_message": ""
  }
},
{
  "model": "admin.logentry",
  "pk": 31,
  "fields": {
    "action_time": "2026-04-21T11:14:37.140Z",
    "user": [
      "fatima"
    ],
    "content_type": [
      "reports",
      "lookupitem"
    ],
    "object_id": "1",
    "object_repr": "weather - <= (5)",
    "action_flag": 3,
    "change_message": ""
  }
},
{
  "model": "admin.logentry",
  "pk": 32,
  "fields": {
    "action_time": "2026-04-21T11:45:39.125Z",
    "user": [
      "fatima"
    ],
    "content_type": [
      "reports",
      "lookupitem"
    ],
    "object_id": "8",
    "object_repr": "Visit Type - Supervision",
    "action_flag": 1,
    "change_message": "[{\"added\": {}}]"
  }
},
{
  "model": "admin.logentry",
  "pk": 33,
  "fields": {
    "action_time": "2026-04-21T11:45:45.611Z",
    "user": [
      "fatima"
    ],
    "content_type": [
      "reports",
      "lookupitem"
    ],
    "object_id": "9",
    "object_repr": "Visit Type - Owner",
    "action_flag": 1,
    "change_message": "[{\"added\": {}}]"
  }
},
{
  "model": "admin.logentry",
  "pk": 34,
  "fields": {
    "action_time": "2026-04-21T11:45:57.181Z",
    "user": [
      "fatima"
    ],
    "content_type": [
      "reports",
      "lookupitem"
    ],
    "object_id": "10",
    "object_repr": "Visit Type - Safety",
    "action_flag": 1,
    "change_message": "[{\"added\": {}}]"
  }
},
{
  "model": "admin.logentry",
  "pk": 35,
  "fields": {
    "action_time": "2026-04-21T11:46:06.656Z",
    "user": [
      "fatima"
    ],
    "content_type": [
      "reports",
      "lookupitem"
    ],
    "object_id": "11",
    "object_repr": "Visit Type - Government",
    "action_flag": 1,
    "change_message": "[{\"added\": {}}]"
  }
},
{
  "model": "admin.logentry",
  "pk": 36,
  "fields": {
    "action_time": "2026-04-21T11:46:15.733Z",
    "user": [
      "fatima"
    ],
    "content_type": [
      "reports",
      "lookupitem"
    ],
    "object_id": "12",
    "object_repr": "Visit Type - Archaeologist",
    "action_flag": 1,
    "change_message": "[{\"added\": {}}]"
  }
},
{
  "model": "admin.logentry",
  "pk": 37,
  "fields": {
    "action_time": "2026-04-21T11:46:25.478Z",
    "user": [
      "fatima"
    ],
    "content_type": [
      "reports",
      "lookupitem"
    ],
    "object_id": "13",
    "object_repr": "Visit Type - Electricity Service",
    "action_flag": 1,
    "change_message": "[{\"added\": {}}]"
  }
},
{
  "model": "admin.logentry",
  "pk": 38,
  "fields": {
    "action_time": "2026-04-21T11:46:35.328Z",
    "user": [
      "fatima"
    ],
    "content_type": [
      "reports",
      "lookupitem"
    ],
    "object_id": "14",
    "object_repr": "Visit Type - Water Service",
    "action_flag": 1,
    "change_message": "[{\"added\": {}}]"
  }
},
{
  "model": "admin.logentry",
  "pk": 39,
  "fields": {
    "action_time": "2026-04-21T11:46:44.376Z",
    "user": [
      "fatima"
    ],
    "content_type": [
      "reports",
      "lookupitem"
    ],
    "object_id": "15",
    "object_repr": "Visit Type - Consultant",
    "action_flag": 1,
    "change_message": "[{\"added\": {}}]"
  }
},
{
  "model": "admin.logentry",
  "pk": 40,
  "fields": {
    "action_time": "2026-04-21T11:46:52.525Z",
    "user": [
      "fatima"
    ],
    "content_type": [
      "reports",
      "lookupitem"
    ],
    "object_id": "16",
    "object_repr": "Visit Type - Client",
    "action_flag": 1,
    "change_message": "[{\"added\": {}}]"
  }
},
{
  "model": "admin.logentry",
  "pk": 41,
  "fields": {
    "action_time": "2026-04-21T11:46:57.697Z",
    "user": [
      "fatima"
    ],
    "content_type": [
      "reports",
      "lookupitem"
    ],
    "object_id": "17",
    "object_repr": "Visit Type - Municipality",
    "action_flag": 1,
    "change_message": "[{\"added\": {}}]"
  }
},
{
  "model": "admin.logentry",
  "pk": 42,
  "fields": {
    "action_time": "2026-04-21T11:48:25.239Z",
    "user": [
      "fatima"
    ],
    "content_type": [
      "reports",
      "lookupitem"
    ],
    "object_id": "18",
    "object_repr": "Visit Type - Inspector",
    "action_flag": 1,
    "change_message": "[{\"added\": {}}]"
  }
},
{
  "model": "admin.logentry",
  "pk": 43,
  "fields": {
    "action_time": "2026-04-21T11:48:39.168Z",
    "user": [
      "fatima"
    ],
    "content_type": [
      "reports",
      "lookupitem"
    ],
    "object_id": "19",
    "object_repr": "Visit Type - Utility Service",
    "action_flag": 1,
    "change_message": "[{\"added\": {}}]"
  }
},
{
  "model": "admin.logentry",
  "pk": 44,
  "fields": {
    "action_time": "2026-04-22T13:59:39.095Z",
    "user": [
      "fatima"
    ],
    "content_type": [
      "reports",
      "lookupitem"
    ],
    "object_id": "20",
    "object_repr": "UOM - m2",
    "action_flag": 1,
    "change_message": "[{\"added\": {}}]"
  }
},
{
  "model": "admin.logentry",
  "pk": 45,
  "fields": {
    "action_time": "2026-04-22T13:59:52.613Z",
    "user": [
      "fatima"
    ],
    "content_type": [
      "reports",
      "lookupitem"
    ],
    "object_id": "21",
    "object_repr": "UOM - m3",
    "action_flag": 1,
    "change_message": "[{\"added\": {}}]"
  }
},
{
  "model": "admin.logentry",
  "pk": 46,
  "fields": {
    "action_time": "2026-04-22T14:00:05.722Z",
    "user": [
      "fatima"
    ],
    "content_type": [
      "reports",
      "lookupitem"
    ],
    "object_id": "22",
    "object_repr": "UOM - m",
    "action_flag": 1,
    "change_message": "[{\"added\": {}}]"
  }
},
{
  "model": "admin.logentry",
  "pk": 47,
  "fields": {
    "action_time": "2026-04-23T09:12:11.887Z",
    "user": [
      "fatima"
    ],
    "content_type": [
      "reports",
      "lookupitem"
    ],
    "object_id": "23",
    "object_repr": "Status - Planned",
    "action_flag": 1,
    "change_message": "[{\"added\": {}}]"
  }
},
{
  "model": "admin.logentry",
  "pk": 48,
  "fields": {
    "action_time": "2026-04-23T09:12:22.988Z",
    "user": [
      "fatima"
    ],
    "content_type": [
      "reports",
      "lookupitem"
    ],
    "object_id": "24",
    "object_repr": "Status - In Progress",
    "action_flag": 1,
    "change_message": "[{\"added\": {}}]"
  }
},
{
  "model": "admin.logentry",
  "pk": 49,
  "fields": {
    "action_time": "2026-04-23T09:12:32.512Z",
    "user": [
      "fatima"
    ],
    "content_type": [
      "reports",
      "lookupitem"
    ],
    "object_id": "25",
    "object_repr": "Status - Done",
    "action_flag": 1,
    "change_message": "[{\"added\": {}}]"
  }
},
{
  "model": "admin.logentry",
  "pk": 50,
  "fields": {
    "action_time": "2026-04-23T09:12:45.507Z",
    "user": [
      "fatima"
    ],
    "content_type": [
      "reports",
      "lookupitem"
    ],
    "object_id": "26",
    "object_repr": "Status - Blocked",
    "action_flag": 1,
    "change_message": "[{\"added\": {}}]"
  }
},
{
  "model": "admin.logentry",
  "pk": 51,
  "fields": {
    "action_time": "2026-04-23T09:13:07.354Z",
    "user": [
      "fatima"
    ],
    "content_type": [
      "reports",
      "lookupitem"
    ],
    "object_id": "27",
    "object_repr": "QC Result - Excellent",
    "action_flag": 1,
    "change_message": "[{\"added\": {}}]"
  }
},
{
  "model": "admin.logentry",
  "pk": 52,
  "fields": {
    "action_time": "2026-04-23T09:13:14.889Z",
    "user": [
      "fatima"
    ],
    "content_type": [
      "reports",
      "lookupitem"
    ],
    "object_id": "28",
    "object_repr": "QC Result - Good",
    "action_flag": 1,
    "change_message": "[{\"added\": {}}]"
  }
},
{
  "model": "admin.logentry",
  "pk": 53,
  "fields": {
    "action_time": "2026-04-23T09:13:22.634Z",
    "user": [
      "fatima"
    ],
    "content_type": [
      "reports",
      "lookupitem"
    ],
    "object_id": "29",
    "object_repr": "QC Result - Fair",
    "action_flag": 1,
    "change_message": "[{\"added\": {}}]"
  }
},
{
  "model": "admin.logentry",
  "pk": 54,
  "fields": {
    "action_time": "2026-04-23T09:13:32.888Z",
    "user": [
      "fatima"
    ],
    "content_type": [
      "reports",
      "lookupitem"
    ],
    "object_id": "30",
    "object_repr": "QC Result - Poor",
    "action_flag": 1,
    "change_message": "[{\"added\": {}}]"
  }
},
{
  "model": "admin.logentry",
  "pk": 55,
  "fields": {
    "action_time": "2026-04-23T09:13:37.033Z",
    "user": [
      "fatima"
    ],
    "content_type": [
      "reports",
      "lookupitem"
    ],
    "object_id": "31",
    "object_repr": "QC Result - Rework Required",
    "action_flag": 1,
    "change_message": "[{\"added\": {}}]"
  }
},
{
  "model": "admin.logentry",
  "pk": 56,
  "fields": {
    "action_time": "2026-04-23T09:13:48.918Z",
    "user": [
      "fatima"
    ],
    "content_type": [
      "reports",
      "lookupitem"
    ],
    "object_id": "32",
    "object_repr": "Severity - Risky",
    "action_flag": 1,
    "change_message": "[{\"added\": {}}]"
  }
},
{
  "model": "admin.logentry",
  "pk": 57,
  "fields": {
    "action_time": "2026-04-23T09:14:38.275Z",
    "user": [
      "fatima"
    ],
    "content_type": [
      "reports",
      "lookupitem"
    ],
    "object_id": "33",
    "object_repr": "Severity - High",
    "action_flag": 1,
    "change_message": "[{\"added\": {}}]"
  }
},
{
  "model": "admin.logentry",
  "pk": 58,
  "fields": {
    "action_time": "2026-04-23T09:14:48.742Z",
    "user": [
      "fatima"
    ],
    "content_type": [
      "reports",
      "lookupitem"
    ],
    "object_id": "34",
    "object_repr": "Severity - Medium",
    "action_flag": 1,
    "change_message": "[{\"added\": {}}]"
  }
},
{
  "model": "admin.logentry",
  "pk": 59,
  "fields": {
    "action_time": "2026-04-23T09:14:56.243Z",
    "user": [
      "fatima"
    ],
    "content_type": [
      "reports",
      "lookupitem"
    ],
    "object_id": "35",
    "object_repr": "Severity - Low",
    "action_flag": 1,
    "change_message": "[{\"added\": {}}]"
  }
},
{
  "model": "admin.logentry",
  "pk": 60,
  "fields": {
    "action_time": "2026-04-23T09:15:45.585Z",
    "user": [
      "fatima"
    ],
    "content_type": [
      "reports",
      "lookupitem"
    ],
    "object_id": "36",
    "object_repr": "Follow Up - PM",
    "action_flag": 1,
    "change_message": "[{\"added\": {}}]"
  }
},
{
  "model": "admin.logentry",
  "pk": 61,
  "fields": {
    "action_time": "2026-04-23T09:15:52.946Z",
    "user": [
      "fatima"
    ],
    "content_type": [
      "reports",
      "lookupitem"
    ],
    "object_id": "37",
    "object_repr": "Follow Up - Procurement",
    "action_flag": 1,
    "change_message": "[{\"added\": {}}]"
  }
},
{
  "model": "admin.logentry",
  "pk": 62,
  "fields": {
    "action_time": "2026-04-23T09:16:00.164Z",
    "user": [
      "fatima"
    ],
    "content_type": [
      "reports",
      "lookupitem"
    ],
    "object_id": "38",
    "object_repr": "Follow Up - Finance",
    "action_flag": 1,
    "change_message": "[{\"added\": {}}]"
  }
},
{
  "model": "admin.logentry",
  "pk": 63,
  "fields": {
    "action_time": "2026-04-23T09:16:07.821Z",
    "user": [
      "fatima"
    ],
    "content_type": [
      "reports",
      "lookupitem"
    ],
    "object_id": "39",
    "object_repr": "Follow Up - Site Engineer",
    "action_flag": 1,
    "change_message": "[{\"added\": {}}]"
  }
},
{
  "model": "admin.logentry",
  "pk": 64,
  "fields": {
    "action_time": "2026-04-23T09:16:15.043Z",
    "user": [
      "fatima"
    ],
    "content_type": [
      "reports",
      "lookupitem"
    ],
    "object_id": "40",
    "object_repr": "Follow Up - Structural Engineer",
    "action_flag": 1,
    "change_message": "[{\"added\": {}}]"
  }
},
{
  "model": "admin.logentry",
  "pk": 65,
  "fields": {
    "action_time": "2026-04-23T09:16:22.968Z",
    "user": [
      "fatima"
    ],
    "content_type": [
      "reports",
      "lookupitem"
    ],
    "object_id": "41",
    "object_repr": "Follow Up - MEP Engineer",
    "action_flag": 1,
    "change_message": "[{\"added\": {}}]"
  }
},
{
  "model": "admin.logentry",
  "pk": 66,
  "fields": {
    "action_time": "2026-04-23T09:16:33.572Z",
    "user": [
      "fatima"
    ],
    "content_type": [
      "reports",
      "lookupitem"
    ],
    "object_id": "42",
    "object_repr": "Follow Up - Supplier",
    "action_flag": 1,
    "change_message": "[{\"added\": {}}]"
  }
},
{
  "model": "admin.logentry",
  "pk": 67,
  "fields": {
    "action_time": "2026-04-23T09:16:37.540Z",
    "user": [
      "fatima"
    ],
    "content_type": [
      "reports",
      "lookupitem"
    ],
    "object_id": "43",
    "object_repr": "Follow Up - Subcontractor",
    "action_flag": 1,
    "change_message": "[{\"added\": {}}]"
  }
},
{
  "model": "admin.logentry",
  "pk": 68,
  "fields": {
    "action_time": "2026-04-23T09:16:44.116Z",
    "user": [
      "fatima"
    ],
    "content_type": [
      "reports",
      "lookupitem"
    ],
    "object_id": "44",
    "object_repr": "Follow Up - Client",
    "action_flag": 1,
    "change_message": "[{\"added\": {}}]"
  }
},
{
  "model": "admin.logentry",
  "pk": 69,
  "fields": {
    "action_time": "2026-04-23T09:16:52.045Z",
    "user": [
      "fatima"
    ],
    "content_type": [
      "reports",
      "lookupitem"
    ],
    "object_id": "45",
    "object_repr": "Follow Up - Consultant",
    "action_flag": 1,
    "change_message": "[{\"added\": {}}]"
  }
},
{
  "model": "admin.logentry",
  "pk": 70,
  "fields": {
    "action_time": "2026-04-23T09:16:59.067Z",
    "user": [
      "fatima"
    ],
    "content_type": [
      "reports",
      "lookupitem"
    ],
    "object_id": "46",
    "object_repr": "Follow Up - Consultant",
    "action_flag": 1,
    "change_message": "[{\"added\": {}}]"
  }
},
{
  "model": "admin.logentry",
  "pk": 71,
  "fields": {
    "action_time": "2026-04-23T09:17:15.690Z",
    "user": [
      "fatima"
    ],
    "content_type": [
      "reports",
      "lookupitem"
    ],
    "object_id": "47",
    "object_repr": "Workforce - Company",
    "action_flag": 1,
    "change_message": "[{\"added\": {}}]"
  }
},
{
  "model": "admin.logentry",
  "pk": 72,
  "fields": {
    "action_time": "2026-04-23T09:17:22.777Z",
    "user": [
      "fatima"
    ],
    "content_type": [
      "reports",
      "lookupitem"
    ],
    "object_id": "48",
    "object_repr": "Workforce - Subcontractor",
    "action_flag": 1,
    "change_message": "[{\"added\": {}}]"
  }
},
{
  "model": "admin.logentry",
  "pk": 73,
  "fields": {
    "action_time": "2026-04-23T09:17:37.309Z",
    "user": [
      "fatima"
    ],
    "content_type": [
      "reports",
      "lookupitem"
    ],
    "object_id": "49",
    "object_repr": "Skill Level - Skilled",
    "action_flag": 1,
    "change_message": "[{\"added\": {}}]"
  }
},
{
  "model": "admin.logentry",
  "pk": 74,
  "fields": {
    "action_time": "2026-04-23T09:17:45.717Z",
    "user": [
      "fatima"
    ],
    "content_type": [
      "reports",
      "lookupitem"
    ],
    "object_id": "50",
    "object_repr": "Skill Level - Helper",
    "action_flag": 1,
    "change_message": "[{\"added\": {}}]"
  }
},
{
  "model": "admin.logentry",
  "pk": 75,
  "fields": {
    "action_time": "2026-04-23T09:18:08.348Z",
    "user": [
      "fatima"
    ],
    "content_type": [
      "reports",
      "lookupitem"
    ],
    "object_id": "51",
    "object_repr": "Usage Type - Hourly",
    "action_flag": 1,
    "change_message": "[{\"added\": {}}]"
  }
},
{
  "model": "admin.logentry",
  "pk": 76,
  "fields": {
    "action_time": "2026-04-23T09:18:16.461Z",
    "user": [
      "fatima"
    ],
    "content_type": [
      "reports",
      "lookupitem"
    ],
    "object_id": "52",
    "object_repr": "Usage Type - Daily",
    "action_flag": 1,
    "change_message": "[{\"added\": {}}]"
  }
},
{
  "model": "admin.logentry",
  "pk": 77,
  "fields": {
    "action_time": "2026-04-28T09:55:32.557Z",
    "user": [
      "fatima"
    ],
    "content_type": [
      "reports",
      "project"
    ],
    "object_id": "9",
    "object_repr": "dversion_19",
    "action_flag": 2,
    "change_message": "[{\"changed\": {\"fields\": [\"Address\", \"City\"]}}]"
  }
},
{
  "model": "admin.logentry",
  "pk": 78,
  "fields": {
    "action_time": "2026-04-28T14:21:10.731Z",
    "user": [
      "fatima"
    ],
    "content_type": [
      "reports",
      "project"
    ],
    "object_id": "6",
    "object_repr": "zversion_12",
    "action_flag": 2,
    "change_message": "[{\"changed\": {\"fields\": [\"Project manager\", \"Address\", \"City\", \"Latitude\", \"Longitude\"]}}]"
  }
},
{
  "model": "admin.logentry",
  "pk": 79,
  "fields": {
    "action_time": "2026-04-28T14:21:56.377Z",
    "user": [
      "fatima"
    ],
    "content_type": [
      "reports",
      "project"
    ],
    "object_id": "7",
    "object_repr": "iversion_15",
    "action_flag": 2,
    "change_message": "[{\"changed\": {\"fields\": [\"Address\", \"City\", \"Latitude\", \"Longitude\"]}}]"
  }
},
{
  "model": "admin.logentry",
  "pk": 80,
  "fields": {
    "action_time": "2026-04-28T14:23:22.566Z",
    "user": [
      "fatima"
    ],
    "content_type": [
      "reports",
      "project"
    ],
    "object_id": "5",
    "object_repr": "tversion_09",
    "action_flag": 2,
    "change_message": "[{\"changed\": {\"fields\": [\"Project manager\", \"Address\", \"City\", \"Latitude\", \"Longitude\"]}}]"
  }
},
{
  "model": "admin.logentry",
  "pk": 81,
  "fields": {
    "action_time": "2026-04-28T14:23:52.588Z",
    "user": [
      "fatima"
    ],
    "content_type": [
      "reports",
      "project"
    ],
    "object_id": "3",
    "object_repr": "sversion_05",
    "action_flag": 2,
    "change_message": "[{\"changed\": {\"fields\": [\"Address\", \"City\", \"Latitude\", \"Longitude\"]}}]"
  }
},
{
  "model": "admin.logentry",
  "pk": 82,
  "fields": {
    "action_time": "2026-04-28T14:24:35.810Z",
    "user": [
      "fatima"
    ],
    "content_type": [
      "reports",
      "project"
    ],
    "object_id": "8",
    "object_repr": "fversion_17",
    "action_flag": 2,
    "change_message": "[{\"changed\": {\"fields\": [\"Project manager\", \"Address\", \"City\", \"Latitude\", \"Longitude\"]}}]"
  }
},
{
  "model": "admin.logentry",
  "pk": 83,
  "fields": {
    "action_time": "2026-04-30T12:30:16.949Z",
    "user": [
      "fatima"
    ],
    "content_type": [
      "reports",
      "projectphase"
    ],
    "object_id": "1",
    "object_repr": "PH00 - Initiation & Permit",
    "action_flag": 1,
    "change_message": "[{\"added\": {}}]"
  }
},
{
  "model": "admin.logentry",
  "pk": 84,
  "fields": {
    "action_time": "2026-04-30T12:30:47.261Z",
    "user": [
      "fatima"
    ],
    "content_type": [
      "reports",
      "projectphase"
    ],
    "object_id": "1",
    "object_repr": "PH00 - Initiation & Permit",
    "action_flag": 2,
    "change_message": "[{\"changed\": {\"fields\": [\"Display order\"]}}]"
  }
},
{
  "model": "admin.logentry",
  "pk": 85,
  "fields": {
    "action_time": "2026-04-30T12:31:12.375Z",
    "user": [
      "fatima"
    ],
    "content_type": [
      "reports",
      "projectphase"
    ],
    "object_id": "2",
    "object_repr": "PH01 - Planning & Site Preparation",
    "action_flag": 1,
    "change_message": "[{\"added\": {}}]"
  }
},
{
  "model": "admin.logentry",
  "pk": 86,
  "fields": {
    "action_time": "2026-04-30T12:31:31.956Z",
    "user": [
      "fatima"
    ],
    "content_type": [
      "reports",
      "projectphase"
    ],
    "object_id": "3",
    "object_repr": "PH02 - Structural Works",
    "action_flag": 1,
    "change_message": "[{\"added\": {}}]"
  }
},
{
  "model": "admin.logentry",
  "pk": 87,
  "fields": {
    "action_time": "2026-04-30T12:32:02.997Z",
    "user": [
      "fatima"
    ],
    "content_type": [
      "reports",
      "projectphase"
    ],
    "object_id": "4",
    "object_repr": "PH03 - Building Enclosure",
    "action_flag": 1,
    "change_message": "[{\"added\": {}}]"
  }
},
{
  "model": "admin.logentry",
  "pk": 88,
  "fields": {
    "action_time": "2026-04-30T12:32:28.808Z",
    "user": [
      "fatima"
    ],
    "content_type": [
      "reports",
      "projectphase"
    ],
    "object_id": "5",
    "object_repr": "PH04 - MEP Rough-In",
    "action_flag": 1,
    "change_message": "[{\"added\": {}}]"
  }
},
{
  "model": "admin.logentry",
  "pk": 89,
  "fields": {
    "action_time": "2026-04-30T12:32:53.313Z",
    "user": [
      "fatima"
    ],
    "content_type": [
      "reports",
      "projectphase"
    ],
    "object_id": "6",
    "object_repr": "PH05 - Exterior Finishes",
    "action_flag": 1,
    "change_message": "[{\"added\": {}}]"
  }
},
{
  "model": "admin.logentry",
  "pk": 90,
  "fields": {
    "action_time": "2026-04-30T12:33:52.586Z",
    "user": [
      "fatima"
    ],
    "content_type": [
      "reports",
      "projectphase"
    ],
    "object_id": "7",
    "object_repr": "PH07 - Final MEP",
    "action_flag": 1,
    "change_message": "[{\"added\": {}}]"
  }
},
{
  "model": "admin.logentry",
  "pk": 91,
  "fields": {
    "action_time": "2026-04-30T12:34:15.269Z",
    "user": [
      "fatima"
    ],
    "content_type": [
      "reports",
      "projectphase"
    ],
    "object_id": "8",
    "object_repr": "PH08 - Final Exterior",
    "action_flag": 1,
    "change_message": "[{\"added\": {}}]"
  }
},
{
  "model": "admin.logentry",
  "pk": 92,
  "fields": {
    "action_time": "2026-04-30T12:34:35.600Z",
    "user": [
      "fatima"
    ],
    "content_type": [
      "reports",
      "projectphase"
    ],
    "object_id": "9",
    "object_repr": "PH09 - Handover & Closeout",
    "action_flag": 1,
    "change_message": "[{\"added\": {}}]"
  }
},
{
  "model": "admin.logentry",
  "pk": 93,
  "fields": {
    "action_time": "2026-04-30T12:47:55.408Z",
    "user": [
      "fatima"
    ],
    "content_type": [
      "reports",
      "category"
    ],
    "object_id": "1",
    "object_repr": "SIT - Site Works",
    "action_flag": 1,
    "change_message": "[{\"added\": {}}]"
  }
},
{
  "model": "admin.logentry",
  "pk": 94,
  "fields": {
    "action_time": "2026-04-30T12:48:30.947Z",
    "user": [
      "fatima"
    ],
    "content_type": [
      "reports",
      "category"
    ],
    "object_id": "2",
    "object_repr": "STR - Structural Works",
    "action_flag": 1,
    "change_message": "[{\"added\": {}}]"
  }
},
{
  "model": "admin.logentry",
  "pk": 95,
  "fields": {
    "action_time": "2026-04-30T12:48:44.299Z",
    "user": [
      "fatima"
    ],
    "content_type": [
      "reports",
      "category"
    ],
    "object_id": "3",
    "object_repr": "ARC - Architectural Works",
    "action_flag": 1,
    "change_message": "[{\"added\": {}}]"
  }
},
{
  "model": "admin.logentry",
  "pk": 96,
  "fields": {
    "action_time": "2026-04-30T12:49:20.280Z",
    "user": [
      "fatima"
    ],
    "content_type": [
      "reports",
      "category"
    ],
    "object_id": "4",
    "object_repr": "MEP - Mechanical, Electrical & Plumbing",
    "action_flag": 1,
    "change_message": "[{\"added\": {}}]"
  }
},
{
  "model": "admin.logentry",
  "pk": 97,
  "fields": {
    "action_time": "2026-04-30T12:50:02.488Z",
    "user": [
      "fatima"
    ],
    "content_type": [
      "reports",
      "documenttype"
    ],
    "object_id": "1",
    "object_repr": "DR - Daily Reports",
    "action_flag": 1,
    "change_message": "[{\"added\": {}}]"
  }
},
{
  "model": "admin.logentry",
  "pk": 98,
  "fields": {
    "action_time": "2026-04-30T12:50:23.635Z",
    "user": [
      "fatima"
    ],
    "content_type": [
      "reports",
      "documenttype"
    ],
    "object_id": "2",
    "object_repr": "QC - Quality Control",
    "action_flag": 1,
    "change_message": "[{\"added\": {}}]"
  }
},
{
  "model": "admin.logentry",
  "pk": 99,
  "fields": {
    "action_time": "2026-04-30T12:50:38.442Z",
    "user": [
      "fatima"
    ],
    "content_type": [
      "reports",
      "documenttype"
    ],
    "object_id": "3",
    "object_repr": "NV - Invoices",
    "action_flag": 1,
    "change_message": "[{\"added\": {}}]"
  }
},
{
  "model": "admin.logentry",
  "pk": 100,
  "fields": {
    "action_time": "2026-04-30T12:50:57.861Z",
    "user": [
      "fatima"
    ],
    "content_type": [
      "reports",
      "documenttype"
    ],
    "object_id": "4",
    "object_repr": "OFF - Offers",
    "action_flag": 1,
    "change_message": "[{\"added\": {}}]"
  }
},
{
  "model": "admin.logentry",
  "pk": 101,
  "fields": {
    "action_time": "2026-04-30T12:51:12.518Z",
    "user": [
      "fatima"
    ],
    "content_type": [
      "reports",
      "documenttype"
    ],
    "object_id": "5",
    "object_repr": "MTR - Material Requests",
    "action_flag": 1,
    "change_message": "[{\"added\": {}}]"
  }
},
{
  "model": "admin.logentry",
  "pk": 102,
  "fields": {
    "action_time": "2026-04-30T12:51:33.481Z",
    "user": [
      "fatima"
    ],
    "content_type": [
      "reports",
      "documenttype"
    ],
    "object_id": "6",
    "object_repr": "BOQ - Bill of Quantities",
    "action_flag": 1,
    "change_message": "[{\"added\": {}}]"
  }
},
{
  "model": "admin.logentry",
  "pk": 103,
  "fields": {
    "action_time": "2026-04-30T12:51:47.921Z",
    "user": [
      "fatima"
    ],
    "content_type": [
      "reports",
      "documenttype"
    ],
    "object_id": "7",
    "object_repr": "SCH - Schedule",
    "action_flag": 1,
    "change_message": "[{\"added\": {}}]"
  }
},
{
  "model": "admin.logentry",
  "pk": 104,
  "fields": {
    "action_time": "2026-04-30T12:52:08.581Z",
    "user": [
      "fatima"
    ],
    "content_type": [
      "reports",
      "documenttype"
    ],
    "object_id": "8",
    "object_repr": "INS - Inspection Requests",
    "action_flag": 1,
    "change_message": "[{\"added\": {}}]"
  }
},
{
  "model": "admin.logentry",
  "pk": 105,
  "fields": {
    "action_time": "2026-04-30T12:53:19.725Z",
    "user": [
      "fatima"
    ],
    "content_type": [
      "reports",
      "documenttype"
    ],
    "object_id": "9",
    "object_repr": "AGR - Agreement",
    "action_flag": 1,
    "change_message": "[{\"added\": {}}]"
  }
},
{
  "model": "admin.logentry",
  "pk": 106,
  "fields": {
    "action_time": "2026-04-30T13:14:53.308Z",
    "user": [
      "fatima"
    ],
    "content_type": [
      "reports",
      "subcategory"
    ],
    "object_id": "1",
    "object_repr": "SIT-ARC - Archaeological Survey/Works",
    "action_flag": 1,
    "change_message": "[{\"added\": {}}]"
  }
},
{
  "model": "admin.logentry",
  "pk": 107,
  "fields": {
    "action_time": "2026-04-30T13:15:33.842Z",
    "user": [
      "fatima"
    ],
    "content_type": [
      "reports",
      "subcategory"
    ],
    "object_id": "2",
    "object_repr": "SIT-SSV - Site Survey (Topographical & Boundary)",
    "action_flag": 1,
    "change_message": "[{\"added\": {}}]"
  }
},
{
  "model": "admin.logentry",
  "pk": 108,
  "fields": {
    "action_time": "2026-04-30T13:15:58.589Z",
    "user": [
      "fatima"
    ],
    "content_type": [
      "reports",
      "subcategory"
    ],
    "object_id": "3",
    "object_repr": "SIT-EXC - Excavation",
    "action_flag": 1,
    "change_message": "[{\"added\": {}}]"
  }
},
{
  "model": "admin.logentry",
  "pk": 109,
  "fields": {
    "action_time": "2026-04-30T13:16:29.248Z",
    "user": [
      "fatima"
    ],
    "content_type": [
      "reports",
      "subcategory"
    ],
    "object_id": "4",
    "object_repr": "SIT-FWP - Foundation Waterproofing",
    "action_flag": 1,
    "change_message": "[{\"added\": {}}]"
  }
},
{
  "model": "admin.logentry",
  "pk": 110,
  "fields": {
    "action_time": "2026-04-30T13:16:59.826Z",
    "user": [
      "fatima"
    ],
    "content_type": [
      "reports",
      "subcategory"
    ],
    "object_id": "5",
    "object_repr": "SIT-LVL - Levelling (Initial Site Levelling)",
    "action_flag": 1,
    "change_message": "[{\"added\": {}}]"
  }
},
{
  "model": "admin.logentry",
  "pk": 111,
  "fields": {
    "action_time": "2026-04-30T13:17:26.106Z",
    "user": [
      "fatima"
    ],
    "content_type": [
      "reports",
      "subcategory"
    ],
    "object_id": "6",
    "object_repr": "SIT-QCI - Quality Control Inspection (Site Prep)",
    "action_flag": 1,
    "change_message": "[{\"added\": {}}]"
  }
},
{
  "model": "admin.logentry",
  "pk": 112,
  "fields": {
    "action_time": "2026-04-30T13:17:59.788Z",
    "user": [
      "fatima"
    ],
    "content_type": [
      "reports",
      "subcategory"
    ],
    "object_id": "7",
    "object_repr": "SIT-EXS - Excavation support",
    "action_flag": 1,
    "change_message": "[{\"added\": {}}]"
  }
},
{
  "model": "admin.logentry",
  "pk": 113,
  "fields": {
    "action_time": "2026-04-30T13:18:24.480Z",
    "user": [
      "fatima"
    ],
    "content_type": [
      "reports",
      "subcategory"
    ],
    "object_id": "8",
    "object_repr": "SIT-SFN - Site fence",
    "action_flag": 1,
    "change_message": "[{\"added\": {}}]"
  }
},
{
  "model": "admin.logentry",
  "pk": 114,
  "fields": {
    "action_time": "2026-04-30T13:18:54.783Z",
    "user": [
      "fatima"
    ],
    "content_type": [
      "reports",
      "subcategory"
    ],
    "object_id": "9",
    "object_repr": "SIT-SEP - Site Electrical Pillar",
    "action_flag": 1,
    "change_message": "[{\"added\": {}}]"
  }
},
{
  "model": "admin.logentry",
  "pk": 115,
  "fields": {
    "action_time": "2026-04-30T13:19:13.838Z",
    "user": [
      "fatima"
    ],
    "content_type": [
      "reports",
      "subcategory"
    ],
    "object_id": "10",
    "object_repr": "SIT-UTI - Utilities",
    "action_flag": 1,
    "change_message": "[{\"added\": {}}]"
  }
},
{
  "model": "admin.logentry",
  "pk": 116,
  "fields": {
    "action_time": "2026-04-30T13:20:51.587Z",
    "user": [
      "fatima"
    ],
    "content_type": [
      "reports",
      "subcategory"
    ],
    "object_id": "11",
    "object_repr": "SIT-WRK - Workers",
    "action_flag": 1,
    "change_message": "[{\"added\": {}}]"
  }
},
{
  "model": "admin.logentry",
  "pk": 117,
  "fields": {
    "action_time": "2026-04-30T13:21:17.006Z",
    "user": [
      "fatima"
    ],
    "content_type": [
      "reports",
      "subcategory"
    ],
    "object_id": "12",
    "object_repr": "SIT-SEQ - Site equipment",
    "action_flag": 1,
    "change_message": "[{\"added\": {}}]"
  }
},
{
  "model": "admin.logentry",
  "pk": 118,
  "fields": {
    "action_time": "2026-04-30T13:21:45.354Z",
    "user": [
      "fatima"
    ],
    "content_type": [
      "reports",
      "subcategory"
    ],
    "object_id": "13",
    "object_repr": "SIT-SFT - Safety",
    "action_flag": 1,
    "change_message": "[{\"added\": {}}]"
  }
},
{
  "model": "admin.logentry",
  "pk": 119,
  "fields": {
    "action_time": "2026-04-30T13:43:00.292Z",
    "user": [
      "fatima"
    ],
    "content_type": [
      "reports",
      "subcategory"
    ],
    "object_id": "14",
    "object_repr": "SIT-SCF - Scaffolding Erection",
    "action_flag": 1,
    "change_message": "[{\"added\": {}}]"
  }
},
{
  "model": "admin.logentry",
  "pk": 120,
  "fields": {
    "action_time": "2026-04-30T13:43:58.417Z",
    "user": [
      "fatima"
    ],
    "content_type": [
      "reports",
      "subcategory"
    ],
    "object_id": "15",
    "object_repr": "STR-RFC - Reinforced Concrete",
    "action_flag": 1,
    "change_message": "[{\"added\": {}}]"
  }
},
{
  "model": "admin.logentry",
  "pk": 121,
  "fields": {
    "action_time": "2026-04-30T13:44:17.971Z",
    "user": [
      "fatima"
    ],
    "content_type": [
      "reports",
      "subcategory"
    ],
    "object_id": "16",
    "object_repr": "STR-BRW - Brick Walls (Structural Walls)",
    "action_flag": 1,
    "change_message": "[{\"added\": {}}]"
  }
},
{
  "model": "admin.logentry",
  "pk": 122,
  "fields": {
    "action_time": "2026-04-30T13:44:38.338Z",
    "user": [
      "fatima"
    ],
    "content_type": [
      "reports",
      "subcategory"
    ],
    "object_id": "17",
    "object_repr": "STR-STC - Steel Construction",
    "action_flag": 1,
    "change_message": "[{\"added\": {}}]"
  }
},
{
  "model": "admin.logentry",
  "pk": 123,
  "fields": {
    "action_time": "2026-04-30T13:44:54.766Z",
    "user": [
      "fatima"
    ],
    "content_type": [
      "reports",
      "subcategory"
    ],
    "object_id": "18",
    "object_repr": "STR-CRN - Crane",
    "action_flag": 1,
    "change_message": "[{\"added\": {}}]"
  }
},
{
  "model": "admin.logentry",
  "pk": 124,
  "fields": {
    "action_time": "2026-04-30T13:45:23.597Z",
    "user": [
      "fatima"
    ],
    "content_type": [
      "reports",
      "subcategory"
    ],
    "object_id": "19",
    "object_repr": "STR-FNC - Fence",
    "action_flag": 1,
    "change_message": "[{\"added\": {}}]"
  }
},
{
  "model": "admin.logentry",
  "pk": 125,
  "fields": {
    "action_time": "2026-04-30T13:45:50.832Z",
    "user": [
      "fatima"
    ],
    "content_type": [
      "reports",
      "subcategory"
    ],
    "object_id": "20",
    "object_repr": "STR-HND - Hand railing",
    "action_flag": 1,
    "change_message": "[{\"added\": {}}]"
  }
},
{
  "model": "admin.logentry",
  "pk": 126,
  "fields": {
    "action_time": "2026-04-30T13:47:46.619Z",
    "user": [
      "fatima"
    ],
    "content_type": [
      "reports",
      "subcategory"
    ],
    "object_id": "21",
    "object_repr": "ARC-GYP - Gypsum Board",
    "action_flag": 1,
    "change_message": "[{\"added\": {}}]"
  }
},
{
  "model": "admin.logentry",
  "pk": 127,
  "fields": {
    "action_time": "2026-04-30T13:48:13.840Z",
    "user": [
      "fatima"
    ],
    "content_type": [
      "reports",
      "subcategory"
    ],
    "object_id": "22",
    "object_repr": "ARC-THI - Exterior Thermal Installation",
    "action_flag": 1,
    "change_message": "[{\"added\": {}}]"
  }
},
{
  "model": "admin.logentry",
  "pk": 128,
  "fields": {
    "action_time": "2026-04-30T13:48:36.144Z",
    "user": [
      "fatima"
    ],
    "content_type": [
      "reports",
      "subcategory"
    ],
    "object_id": "23",
    "object_repr": "ARC-WPF - Waterproofing",
    "action_flag": 1,
    "change_message": "[{\"added\": {}}]"
  }
},
{
  "model": "admin.logentry",
  "pk": 129,
  "fields": {
    "action_time": "2026-04-30T13:49:02.116Z",
    "user": [
      "fatima"
    ],
    "content_type": [
      "reports",
      "subcategory"
    ],
    "object_id": "24",
    "object_repr": "ARC-ALM - Aluminium Frames",
    "action_flag": 1,
    "change_message": "[{\"added\": {}}]"
  }
},
{
  "model": "admin.logentry",
  "pk": 130,
  "fields": {
    "action_time": "2026-04-30T13:49:44.227Z",
    "user": [
      "fatima"
    ],
    "content_type": [
      "reports",
      "subcategory"
    ],
    "object_id": "25",
    "object_repr": "ARC-LEV - Levelling Check (Pre-Flooring Levelling)",
    "action_flag": 1,
    "change_message": "[{\"added\": {}}]"
  }
},
{
  "model": "admin.logentry",
  "pk": 131,
  "fields": {
    "action_time": "2026-04-30T13:50:05.724Z",
    "user": [
      "fatima"
    ],
    "content_type": [
      "reports",
      "subcategory"
    ],
    "object_id": "26",
    "object_repr": "ARC-PLS - Plaster",
    "action_flag": 1,
    "change_message": "[{\"added\": {}}]"
  }
},
{
  "model": "admin.logentry",
  "pk": 132,
  "fields": {
    "action_time": "2026-04-30T13:50:25.871Z",
    "user": [
      "fatima"
    ],
    "content_type": [
      "reports",
      "subcategory"
    ],
    "object_id": "27",
    "object_repr": "ARC-PNT - Paint",
    "action_flag": 1,
    "change_message": "[{\"added\": {}}]"
  }
},
{
  "model": "admin.logentry",
  "pk": 133,
  "fields": {
    "action_time": "2026-04-30T13:50:47.958Z",
    "user": [
      "fatima"
    ],
    "content_type": [
      "reports",
      "subcategory"
    ],
    "object_id": "28",
    "object_repr": "ARC-THR - Threshold Installation",
    "action_flag": 1,
    "change_message": "[{\"added\": {}}]"
  }
},
{
  "model": "admin.logentry",
  "pk": 134,
  "fields": {
    "action_time": "2026-04-30T13:51:04.664Z",
    "user": [
      "fatima"
    ],
    "content_type": [
      "reports",
      "subcategory"
    ],
    "object_id": "29",
    "object_repr": "ARC-PRP - Parapets",
    "action_flag": 1,
    "change_message": "[{\"added\": {}}]"
  }
},
{
  "model": "admin.logentry",
  "pk": 135,
  "fields": {
    "action_time": "2026-04-30T13:51:35.411Z",
    "user": [
      "fatima"
    ],
    "content_type": [
      "reports",
      "subcategory"
    ],
    "object_id": "30",
    "object_repr": "ARC-FLF - Floor Filling",
    "action_flag": 1,
    "change_message": "[{\"added\": {}}]"
  }
},
{
  "model": "admin.logentry",
  "pk": 136,
  "fields": {
    "action_time": "2026-04-30T13:52:04.389Z",
    "user": [
      "fatima"
    ],
    "content_type": [
      "reports",
      "subcategory"
    ],
    "object_id": "31",
    "object_repr": "ARC-SLF - Self Levelling (Final Floor Levelling)",
    "action_flag": 1,
    "change_message": "[{\"added\": {}}]"
  }
},
{
  "model": "admin.logentry",
  "pk": 137,
  "fields": {
    "action_time": "2026-04-30T13:52:28.872Z",
    "user": [
      "fatima"
    ],
    "content_type": [
      "reports",
      "subcategory"
    ],
    "object_id": "32",
    "object_repr": "ARC-MRB - Marbles (Marble Flooring/Cladding)",
    "action_flag": 1,
    "change_message": "[{\"added\": {}}]"
  }
},
{
  "model": "admin.logentry",
  "pk": 138,
  "fields": {
    "action_time": "2026-04-30T13:52:49.083Z",
    "user": [
      "fatima"
    ],
    "content_type": [
      "reports",
      "subcategory"
    ],
    "object_id": "33",
    "object_repr": "ARC-WTF - Wood Flooring",
    "action_flag": 1,
    "change_message": "[{\"added\": {}}]"
  }
},
{
  "model": "admin.logentry",
  "pk": 139,
  "fields": {
    "action_time": "2026-04-30T13:53:25.700Z",
    "user": [
      "fatima"
    ],
    "content_type": [
      "reports",
      "subcategory"
    ],
    "object_id": "34",
    "object_repr": "ARC-TIL - Tiles",
    "action_flag": 1,
    "change_message": "[{\"added\": {}}]"
  }
},
{
  "model": "admin.logentry",
  "pk": 140,
  "fields": {
    "action_time": "2026-04-30T13:53:45.614Z",
    "user": [
      "fatima"
    ],
    "content_type": [
      "reports",
      "subcategory"
    ],
    "object_id": "35",
    "object_repr": "ARC-GMC - Glass Cabinets & Mirrors",
    "action_flag": 1,
    "change_message": "[{\"added\": {}}]"
  }
},
{
  "model": "admin.logentry",
  "pk": 141,
  "fields": {
    "action_time": "2026-04-30T13:54:17.395Z",
    "user": [
      "fatima"
    ],
    "content_type": [
      "reports",
      "subcategory"
    ],
    "object_id": "36",
    "object_repr": "ARC-KWB - Kitchens & Wardrobes & Bath Cabinets",
    "action_flag": 1,
    "change_message": "[{\"added\": {}}]"
  }
},
{
  "model": "admin.logentry",
  "pk": 142,
  "fields": {
    "action_time": "2026-04-30T13:54:36.697Z",
    "user": [
      "fatima"
    ],
    "content_type": [
      "reports",
      "subcategory"
    ],
    "object_id": "37",
    "object_repr": "ARC-DOR - Doors",
    "action_flag": 1,
    "change_message": "[{\"added\": {}}]"
  }
},
{
  "model": "admin.logentry",
  "pk": 143,
  "fields": {
    "action_time": "2026-04-30T13:54:56.013Z",
    "user": [
      "fatima"
    ],
    "content_type": [
      "reports",
      "subcategory"
    ],
    "object_id": "38",
    "object_repr": "ARC-BTC - Bathroom Cabinets",
    "action_flag": 1,
    "change_message": "[{\"added\": {}}]"
  }
},
{
  "model": "admin.logentry",
  "pk": 144,
  "fields": {
    "action_time": "2026-04-30T13:55:16.214Z",
    "user": [
      "fatima"
    ],
    "content_type": [
      "reports",
      "subcategory"
    ],
    "object_id": "39",
    "object_repr": "ARC-IND - Industrial floor",
    "action_flag": 1,
    "change_message": "[{\"added\": {}}]"
  }
},
{
  "model": "admin.logentry",
  "pk": 145,
  "fields": {
    "action_time": "2026-04-30T13:55:43.120Z",
    "user": [
      "fatima"
    ],
    "content_type": [
      "reports",
      "subcategory"
    ],
    "object_id": "40",
    "object_repr": "ARC-ALE - Aluminium exterior elements",
    "action_flag": 1,
    "change_message": "[{\"added\": {}}]"
  }
},
{
  "model": "admin.logentry",
  "pk": 146,
  "fields": {
    "action_time": "2026-04-30T13:56:38.717Z",
    "user": [
      "fatima"
    ],
    "content_type": [
      "reports",
      "subcategory"
    ],
    "object_id": "41",
    "object_repr": "ARC-CEL - Ceiling",
    "action_flag": 1,
    "change_message": "[{\"added\": {}}]"
  }
},
{
  "model": "admin.logentry",
  "pk": 147,
  "fields": {
    "action_time": "2026-04-30T14:03:18.193Z",
    "user": [
      "fatima"
    ],
    "content_type": [
      "reports",
      "subcategory"
    ],
    "object_id": "42",
    "object_repr": "ARC-SDW - Sidewalk Construction",
    "action_flag": 1,
    "change_message": "[{\"added\": {}}]"
  }
},
{
  "model": "admin.logentry",
  "pk": 148,
  "fields": {
    "action_time": "2026-04-30T14:03:41.554Z",
    "user": [
      "fatima"
    ],
    "content_type": [
      "reports",
      "subcategory"
    ],
    "object_id": "43",
    "object_repr": "ARC-MEN - Main Entrance",
    "action_flag": 1,
    "change_message": "[{\"added\": {}}]"
  }
},
{
  "model": "admin.logentry",
  "pk": 149,
  "fields": {
    "action_time": "2026-04-30T14:04:17.259Z",
    "user": [
      "fatima"
    ],
    "content_type": [
      "reports",
      "subcategory"
    ],
    "object_id": "44",
    "object_repr": "MEP-ELC - Electrical works",
    "action_flag": 1,
    "change_message": "[{\"added\": {}}]"
  }
},
{
  "model": "admin.logentry",
  "pk": 150,
  "fields": {
    "action_time": "2026-04-30T14:04:42.387Z",
    "user": [
      "fatima"
    ],
    "content_type": [
      "reports",
      "subcategory"
    ],
    "object_id": "45",
    "object_repr": "MEP-PLM - Plumping works",
    "action_flag": 1,
    "change_message": "[{\"added\": {}}]"
  }
},
{
  "model": "admin.logentry",
  "pk": 151,
  "fields": {
    "action_time": "2026-05-03T10:04:50.917Z",
    "user": [
      "fatima"
    ],
    "content_type": [
      "reports",
      "mastercode"
    ],
    "object_id": "1",
    "object_repr": "PH05-ARC-PNT-DR - Exterior Finishes / Architectural Works / Paint / Daily Reports",
    "action_flag": 1,
    "change_message": "[{\"added\": {}}]"
  }
},
{
  "model": "admin.logentry",
  "pk": 152,
  "fields": {
    "action_time": "2026-05-04T13:57:32.068Z",
    "user": [
      "fatima"
    ],
    "content_type": [
      "reports",
      "equipmentmaster"
    ],
    "object_id": "1",
    "object_repr": "machine",
    "action_flag": 1,
    "change_message": "[{\"added\": {}}]"
  }
},
{
  "model": "admin.logentry",
  "pk": 153,
  "fields": {
    "action_time": "2026-05-14T09:37:12.481Z",
    "user": [
      "fatima"
    ],
    "content_type": [
      "auth",
      "user"
    ],
    "object_id": "2",
    "object_repr": "K_Alexandropoulos",
    "action_flag": 1,
    "change_message": "[{\"added\": {}}]"
  }
},
{
  "model": "admin.logentry",
  "pk": 154,
  "fields": {
    "action_time": "2026-05-14T09:42:06.306Z",
    "user": [
      "fatima"
    ],
    "content_type": [
      "auth",
      "group"
    ],
    "object_id": "1",
    "object_repr": "site_eng",
    "action_flag": 1,
    "change_message": "[{\"added\": {}}]"
  }
},
{
  "model": "admin.logentry",
  "pk": 155,
  "fields": {
    "action_time": "2026-05-14T09:42:38.386Z",
    "user": [
      "fatima"
    ],
    "content_type": [
      "auth",
      "user"
    ],
    "object_id": "2",
    "object_repr": "K_Alexandropoulos",
    "action_flag": 2,
    "change_message": "[{\"changed\": {\"fields\": [\"First name\", \"Last name\", \"Email address\", \"Staff status\", \"Groups\"]}}]"
  }
},
{
  "model": "admin.logentry",
  "pk": 156,
  "fields": {
    "action_time": "2026-05-14T09:43:13.730Z",
    "user": [
      "fatima"
    ],
    "content_type": [
      "auth",
      "user"
    ],
    "object_id": "1",
    "object_repr": "fatima",
    "action_flag": 2,
    "change_message": "[{\"changed\": {\"fields\": [\"First name\", \"Last name\", \"User permissions\"]}}]"
  }
},
{
  "model": "admin.logentry",
  "pk": 157,
  "fields": {
    "action_time": "2026-05-14T09:44:31.944Z",
    "user": [
      "fatima"
    ],
    "content_type": [
      "auth",
      "user"
    ],
    "object_id": "3",
    "object_repr": "C_Pappas",
    "action_flag": 1,
    "change_message": "[{\"added\": {}}]"
  }
},
{
  "model": "admin.logentry",
  "pk": 158,
  "fields": {
    "action_time": "2026-05-14T09:46:11.738Z",
    "user": [
      "fatima"
    ],
    "content_type": [
      "auth",
      "user"
    ],
    "object_id": "3",
    "object_repr": "C_Pappas",
    "action_flag": 2,
    "change_message": "[{\"changed\": {\"fields\": [\"First name\", \"Last name\", \"Email address\", \"Staff status\", \"Groups\"]}}]"
  }
},
{
  "model": "admin.logentry",
  "pk": 159,
  "fields": {
    "action_time": "2026-05-14T09:46:51.014Z",
    "user": [
      "fatima"
    ],
    "content_type": [
      "auth",
      "user"
    ],
    "object_id": "4",
    "object_repr": "T_Katris",
    "action_flag": 1,
    "change_message": "[{\"added\": {}}]"
  }
},
{
  "model": "admin.logentry",
  "pk": 160,
  "fields": {
    "action_time": "2026-05-14T09:47:19.521Z",
    "user": [
      "fatima"
    ],
    "content_type": [
      "auth",
      "user"
    ],
    "object_id": "4",
    "object_repr": "T_Katris",
    "action_flag": 2,
    "change_message": "[{\"changed\": {\"fields\": [\"First name\", \"Last name\", \"Email address\", \"Staff status\", \"Groups\"]}}]"
  }
},
{
  "model": "admin.logentry",
  "pk": 161,
  "fields": {
    "action_time": "2026-05-14T09:54:58.208Z",
    "user": [
      "fatima"
    ],
    "content_type": [
      "auth",
      "user"
    ],
    "object_id": "5",
    "object_repr": "V_Aslan",
    "action_flag": 1,
    "change_message": "[{\"added\": {}}]"
  }
},
{
  "model": "admin.logentry",
  "pk": 162,
  "fields": {
    "action_time": "2026-05-14T09:55:37.059Z",
    "user": [
      "fatima"
    ],
    "content_type": [
      "auth",
      "user"
    ],
    "object_id": "5",
    "object_repr": "V_Aslan",
    "action_flag": 2,
    "change_message": "[{\"changed\": {\"fields\": [\"First name\", \"Last name\", \"Email address\", \"Staff status\", \"Groups\"]}}]"
  }
},
{
  "model": "admin.logentry",
  "pk": 163,
  "fields": {
    "action_time": "2026-05-14T10:21:07.641Z",
    "user": [
      "fatima"
    ],
    "content_type": [
      "auth",
      "user"
    ],
    "object_id": "6",
    "object_repr": "M_Margaritis",
    "action_flag": 1,
    "change_message": "[{\"added\": {}}]"
  }
},
{
  "model": "admin.logentry",
  "pk": 164,
  "fields": {
    "action_time": "2026-05-14T10:22:00.087Z",
    "user": [
      "fatima"
    ],
    "content_type": [
      "auth",
      "user"
    ],
    "object_id": "6",
    "object_repr": "M_Margaritis",
    "action_flag": 2,
    "change_message": "[{\"changed\": {\"fields\": [\"First name\", \"Last name\", \"Email address\", \"Staff status\", \"Groups\"]}}]"
  }
},
{
  "model": "admin.logentry",
  "pk": 165,
  "fields": {
    "action_time": "2026-05-14T10:35:05.196Z",
    "user": [
      "fatima"
    ],
    "content_type": [
      "auth",
      "user"
    ],
    "object_id": "7",
    "object_repr": "N_Andrikopoulos",
    "action_flag": 1,
    "change_message": "[{\"added\": {}}]"
  }
},
{
  "model": "admin.logentry",
  "pk": 166,
  "fields": {
    "action_time": "2026-05-14T10:35:45.996Z",
    "user": [
      "fatima"
    ],
    "content_type": [
      "auth",
      "user"
    ],
    "object_id": "7",
    "object_repr": "N_Andrikopoulos",
    "action_flag": 2,
    "change_message": "[{\"changed\": {\"fields\": [\"First name\", \"Last name\", \"Email address\", \"Staff status\", \"Groups\"]}}]"
  }
},
{
  "model": "admin.logentry",
  "pk": 167,
  "fields": {
    "action_time": "2026-05-14T10:36:41.076Z",
    "user": [
      "fatima"
    ],
    "content_type": [
      "auth",
      "user"
    ],
    "object_id": "8",
    "object_repr": "M_Chahin",
    "action_flag": 1,
    "change_message": "[{\"added\": {}}]"
  }
},
{
  "model": "admin.logentry",
  "pk": 168,
  "fields": {
    "action_time": "2026-05-14T10:37:07.458Z",
    "user": [
      "fatima"
    ],
    "content_type": [
      "auth",
      "user"
    ],
    "object_id": "8",
    "object_repr": "M_Chahin",
    "action_flag": 2,
    "change_message": "[{\"changed\": {\"fields\": [\"First name\", \"Last name\", \"Email address\", \"Groups\"]}}]"
  }
},
{
  "model": "admin.logentry",
  "pk": 169,
  "fields": {
    "action_time": "2026-05-14T19:19:51.519Z",
    "user": [
      "fatima"
    ],
    "content_type": [
      "auth",
      "user"
    ],
    "object_id": "1",
    "object_repr": "fatima",
    "action_flag": 2,
    "change_message": "[{\"changed\": {\"fields\": [\"Groups\"]}}]"
  }
},
{
  "model": "admin.logentry",
  "pk": 170,
  "fields": {
    "action_time": "2026-05-14T19:20:14.881Z",
    "user": [
      "fatima"
    ],
    "content_type": [
      "auth",
      "user"
    ],
    "object_id": "8",
    "object_repr": "M_Chahin",
    "action_flag": 2,
    "change_message": "[{\"changed\": {\"fields\": [\"Staff status\"]}}]"
  }
},
{
  "model": "admin.logentry",
  "pk": 171,
  "fields": {
    "action_time": "2026-05-14T19:20:46.767Z",
    "user": [
      "fatima"
    ],
    "content_type": [
      "reports",
      "project"
    ],
    "object_id": "2",
    "object_repr": "mversion_02",
    "action_flag": 2,
    "change_message": "[{\"changed\": {\"fields\": [\"Site engineer\", \"Project manager\"]}}]"
  }
},
{
  "model": "admin.logentry",
  "pk": 172,
  "fields": {
    "action_time": "2026-05-15T13:55:25.490Z",
    "user": [
      "fatima"
    ],
    "content_type": [
      "reports",
      "project"
    ],
    "object_id": "2",
    "object_repr": "mversion_02",
    "action_flag": 2,
    "change_message": "[{\"changed\": {\"fields\": [\"Site engineer\"]}}]"
  }
},
{
  "model": "admin.logentry",
  "pk": 173,
  "fields": {
    "action_time": "2026-05-15T14:05:44.909Z",
    "user": [
      "fatima"
    ],
    "content_type": [
      "reports",
      "project"
    ],
    "object_id": "9",
    "object_repr": "dversion_19",
    "action_flag": 2,
    "change_message": "[{\"changed\": {\"fields\": [\"Latitude\", \"Longitude\"]}}]"
  }
},
{
  "model": "admin.logentry",
  "pk": 174,
  "fields": {
    "action_time": "2026-05-15T14:10:33.984Z",
    "user": [
      "fatima"
    ],
    "content_type": [
      "reports",
      "project"
    ],
    "object_id": "2",
    "object_repr": "mversion_02",
    "action_flag": 2,
    "change_message": "[{\"changed\": {\"fields\": [\"Address\", \"City\", \"Latitude\", \"Longitude\"]}}]"
  }
},
{
  "model": "admin.logentry",
  "pk": 175,
  "fields": {
    "action_time": "2026-05-15T14:10:42.693Z",
    "user": [
      "fatima"
    ],
    "content_type": [
      "reports",
      "project"
    ],
    "object_id": "2",
    "object_repr": "mversion_02",
    "action_flag": 2,
    "change_message": "[]"
  }
},
{
  "model": "admin.logentry",
  "pk": 176,
  "fields": {
    "action_time": "2026-05-16T08:04:03.753Z",
    "user": [
      "fatima"
    ],
    "content_type": [
      "reports",
      "mastercode"
    ],
    "object_id": "2",
    "object_repr": "MasterCode object (2)",
    "action_flag": 1,
    "change_message": "[{\"added\": {}}]"
  }
},
{
  "model": "admin.logentry",
  "pk": 177,
  "fields": {
    "action_time": "2026-05-16T08:47:20.460Z",
    "user": [
      "fatima"
    ],
    "content_type": [
      "reports",
      "mastercode"
    ],
    "object_id": "2",
    "object_repr": "MasterCode object (2)",
    "action_flag": 2,
    "change_message": "[{\"changed\": {\"fields\": [\"Document type\"]}}]"
  }
},
{
  "model": "admin.logentry",
  "pk": 178,
  "fields": {
    "action_time": "2026-05-18T10:54:57.168Z",
    "user": [
      "fatima"
    ],
    "content_type": [
      "reports",
      "mastercode"
    ],
    "object_id": "2",
    "object_repr": "MasterCode object (2)",
    "action_flag": 2,
    "change_message": "[{\"changed\": {\"fields\": [\"Description\"]}}]"
  }
},
{
  "model": "admin.logentry",
  "pk": 179,
  "fields": {
    "action_time": "2026-05-18T11:19:16.793Z",
    "user": [
      "fatima"
    ],
    "content_type": [
      "reports",
      "projectphase"
    ],
    "object_id": "2",
    "object_repr": "PH01 - Detailed Study",
    "action_flag": 2,
    "change_message": "[{\"changed\": {\"fields\": [\"Phase name\", \"Description\"]}}]"
  }
},
{
  "model": "admin.logentry",
  "pk": 180,
  "fields": {
    "action_time": "2026-05-18T11:19:50.471Z",
    "user": [
      "fatima"
    ],
    "content_type": [
      "reports",
      "projectphase"
    ],
    "object_id": "3",
    "object_repr": "PH02 - Site Mobilization",
    "action_flag": 2,
    "change_message": "[{\"changed\": {\"fields\": [\"Phase name\", \"Description\"]}}]"
  }
},
{
  "model": "admin.logentry",
  "pk": 181,
  "fields": {
    "action_time": "2026-05-18T11:20:43.880Z",
    "user": [
      "fatima"
    ],
    "content_type": [
      "reports",
      "projectphase"
    ],
    "object_id": "4",
    "object_repr": "PH03 - Structural Work",
    "action_flag": 2,
    "change_message": "[{\"changed\": {\"fields\": [\"Phase name\", \"Description\"]}}]"
  }
},
{
  "model": "admin.logentry",
  "pk": 182,
  "fields": {
    "action_time": "2026-05-18T11:21:20.614Z",
    "user": [
      "fatima"
    ],
    "content_type": [
      "reports",
      "projectphase"
    ],
    "object_id": "5",
    "object_repr": "PH04 - MEP Rough-In",
    "action_flag": 2,
    "change_message": "[{\"changed\": {\"fields\": [\"Description\"]}}]"
  }
},
{
  "model": "admin.logentry",
  "pk": 183,
  "fields": {
    "action_time": "2026-05-18T11:23:28.625Z",
    "user": [
      "fatima"
    ],
    "content_type": [
      "reports",
      "projectphase"
    ],
    "object_id": "6",
    "object_repr": "PH05 - Enclosure",
    "action_flag": 2,
    "change_message": "[{\"changed\": {\"fields\": [\"Phase name\", \"Description\"]}}]"
  }
},
{
  "model": "admin.logentry",
  "pk": 184,
  "fields": {
    "action_time": "2026-05-18T11:24:07.462Z",
    "user": [
      "fatima"
    ],
    "content_type": [
      "reports",
      "projectphase"
    ],
    "object_id": "7",
    "object_repr": "PH06 - Final MEP",
    "action_flag": 2,
    "change_message": "[{\"changed\": {\"fields\": [\"Phase code\", \"Description\"]}}]"
  }
},
{
  "model": "admin.logentry",
  "pk": 185,
  "fields": {
    "action_time": "2026-05-18T11:24:56.187Z",
    "user": [
      "fatima"
    ],
    "content_type": [
      "reports",
      "projectphase"
    ],
    "object_id": "8",
    "object_repr": "PH08 - Handover_Delivery",
    "action_flag": 2,
    "change_message": "[{\"changed\": {\"fields\": [\"Phase name\", \"Description\"]}}]"
  }
},
{
  "model": "admin.logentry",
  "pk": 186,
  "fields": {
    "action_time": "2026-05-18T11:25:30.380Z",
    "user": [
      "fatima"
    ],
    "content_type": [
      "reports",
      "projectphase"
    ],
    "object_id": "9",
    "object_repr": "PH09 - Permit Closure",
    "action_flag": 2,
    "change_message": "[{\"changed\": {\"fields\": [\"Phase name\", \"Description\"]}}]"
  }
},
{
  "model": "admin.logentry",
  "pk": 187,
  "fields": {
    "action_time": "2026-05-18T11:25:40.629Z",
    "user": [
      "fatima"
    ],
    "content_type": [
      "reports",
      "projectphase"
    ],
    "object_id": "8",
    "object_repr": "PH07 - Handover_Delivery",
    "action_flag": 2,
    "change_message": "[{\"changed\": {\"fields\": [\"Phase code\"]}}]"
  }
},
{
  "model": "admin.logentry",
  "pk": 188,
  "fields": {
    "action_time": "2026-05-18T11:25:49.897Z",
    "user": [
      "fatima"
    ],
    "content_type": [
      "reports",
      "projectphase"
    ],
    "object_id": "9",
    "object_repr": "PH08 - Permit Closure",
    "action_flag": 2,
    "change_message": "[{\"changed\": {\"fields\": [\"Phase code\"]}}]"
  }
},
{
  "model": "admin.logentry",
  "pk": 189,
  "fields": {
    "action_time": "2026-05-18T11:31:06.358Z",
    "user": [
      "fatima"
    ],
    "content_type": [
      "reports",
      "category"
    ],
    "object_id": "5",
    "object_repr": "GOV - Governmental Issues",
    "action_flag": 1,
    "change_message": "[{\"added\": {}}]"
  }
},
{
  "model": "admin.logentry",
  "pk": 190,
  "fields": {
    "action_time": "2026-05-19T11:42:10.697Z",
    "user": [
      "fatima"
    ],
    "content_type": [
      "reports",
      "projectphase"
    ],
    "object_id": "2",
    "object_repr": "PH01",
    "action_flag": 2,
    "change_message": "[]"
  }
},
{
  "model": "admin.logentry",
  "pk": 191,
  "fields": {
    "action_time": "2026-05-19T11:42:34.382Z",
    "user": [
      "fatima"
    ],
    "content_type": [
      "reports",
      "projectphase"
    ],
    "object_id": "1",
    "object_repr": "PH00",
    "action_flag": 2,
    "change_message": "[{\"changed\": {\"fields\": [\"Phase name\"]}}]"
  }
},
{
  "model": "admin.logentry",
  "pk": 192,
  "fields": {
    "action_time": "2026-05-20T11:57:03.387Z",
    "user": [
      "fatima"
    ],
    "content_type": [
      "auth",
      "group"
    ],
    "object_id": "2",
    "object_repr": "Project_mgr",
    "action_flag": 1,
    "change_message": "[{\"added\": {}}]"
  }
},
{
  "model": "admin.logentry",
  "pk": 193,
  "fields": {
    "action_time": "2026-05-20T11:59:42.188Z",
    "user": [
      "fatima"
    ],
    "content_type": [
      "auth",
      "group"
    ],
    "object_id": "3",
    "object_repr": "dep_mgr",
    "action_flag": 1,
    "change_message": "[{\"added\": {}}]"
  }
},
{
  "model": "admin.logentry",
  "pk": 194,
  "fields": {
    "action_time": "2026-05-20T12:00:52.343Z",
    "user": [
      "fatima"
    ],
    "content_type": [
      "auth",
      "group"
    ],
    "object_id": "4",
    "object_repr": "operations",
    "action_flag": 1,
    "change_message": "[{\"added\": {}}]"
  }
},
{
  "model": "admin.logentry",
  "pk": 195,
  "fields": {
    "action_time": "2026-05-20T12:01:29.599Z",
    "user": [
      "fatima"
    ],
    "content_type": [
      "auth",
      "group"
    ],
    "object_id": "5",
    "object_repr": "Cost_Control",
    "action_flag": 1,
    "change_message": "[{\"added\": {}}]"
  }
},
{
  "model": "admin.logentry",
  "pk": 196,
  "fields": {
    "action_time": "2026-05-20T12:08:33.806Z",
    "user": [
      "fatima"
    ],
    "content_type": [
      "auth",
      "user"
    ],
    "object_id": "9",
    "object_repr": "T_Qassab",
    "action_flag": 1,
    "change_message": "[{\"added\": {}}]"
  }
},
{
  "model": "admin.logentry",
  "pk": 197,
  "fields": {
    "action_time": "2026-05-20T12:08:51.635Z",
    "user": [
      "fatima"
    ],
    "content_type": [
      "auth",
      "user"
    ],
    "object_id": "9",
    "object_repr": "T_Qassab",
    "action_flag": 2,
    "change_message": "[{\"changed\": {\"fields\": [\"Groups\"]}}]"
  }
},
{
  "model": "admin.logentry",
  "pk": 198,
  "fields": {
    "action_time": "2026-05-20T12:09:46.731Z",
    "user": [
      "fatima"
    ],
    "content_type": [
      "auth",
      "user"
    ],
    "object_id": "10",
    "object_repr": "H_Amer",
    "action_flag": 1,
    "change_message": "[{\"added\": {}}]"
  }
},
{
  "model": "admin.logentry",
  "pk": 199,
  "fields": {
    "action_time": "2026-05-20T12:10:26.920Z",
    "user": [
      "fatima"
    ],
    "content_type": [
      "auth",
      "user"
    ],
    "object_id": "11",
    "object_repr": "C_Labed",
    "action_flag": 1,
    "change_message": "[{\"added\": {}}]"
  }
},
{
  "model": "admin.logentry",
  "pk": 200,
  "fields": {
    "action_time": "2026-05-20T12:10:37.778Z",
    "user": [
      "fatima"
    ],
    "content_type": [
      "auth",
      "user"
    ],
    "object_id": "11",
    "object_repr": "C_Labed",
    "action_flag": 2,
    "change_message": "[{\"changed\": {\"fields\": [\"Groups\"]}}]"
  }
},
{
  "model": "admin.logentry",
  "pk": 201,
  "fields": {
    "action_time": "2026-05-20T12:10:45.418Z",
    "user": [
      "fatima"
    ],
    "content_type": [
      "auth",
      "user"
    ],
    "object_id": "10",
    "object_repr": "H_Amer",
    "action_flag": 2,
    "change_message": "[{\"changed\": {\"fields\": [\"Groups\"]}}]"
  }
},
{
  "model": "admin.logentry",
  "pk": 202,
  "fields": {
    "action_time": "2026-05-20T12:11:42.128Z",
    "user": [
      "fatima"
    ],
    "content_type": [
      "auth",
      "user"
    ],
    "object_id": "12",
    "object_repr": "A_batakis",
    "action_flag": 1,
    "change_message": "[{\"added\": {}}]"
  }
},
{
  "model": "admin.logentry",
  "pk": 203,
  "fields": {
    "action_time": "2026-05-20T12:12:16.841Z",
    "user": [
      "fatima"
    ],
    "content_type": [
      "auth",
      "user"
    ],
    "object_id": "13",
    "object_repr": "A_Raffoul",
    "action_flag": 1,
    "change_message": "[{\"added\": {}}]"
  }
},
{
  "model": "admin.logentry",
  "pk": 204,
  "fields": {
    "action_time": "2026-05-20T12:15:44.820Z",
    "user": [
      "fatima"
    ],
    "content_type": [
      "auth",
      "user"
    ],
    "object_id": "14",
    "object_repr": "j_jdidy",
    "action_flag": 1,
    "change_message": "[{\"added\": {}}]"
  }
},
{
  "model": "admin.logentry",
  "pk": 205,
  "fields": {
    "action_time": "2026-05-20T12:15:51.872Z",
    "user": [
      "fatima"
    ],
    "content_type": [
      "auth",
      "user"
    ],
    "object_id": "14",
    "object_repr": "j_jdidy",
    "action_flag": 2,
    "change_message": "[{\"changed\": {\"fields\": [\"Groups\"]}}]"
  }
},
{
  "model": "admin.logentry",
  "pk": 206,
  "fields": {
    "action_time": "2026-05-20T13:42:00.839Z",
    "user": [
      "fatima"
    ],
    "content_type": [
      "auth",
      "user"
    ],
    "object_id": "13",
    "object_repr": "A_Raffoul",
    "action_flag": 2,
    "change_message": "[{\"changed\": {\"fields\": [\"First name\", \"Last name\", \"Groups\"]}}]"
  }
},
{
  "model": "admin.logentry",
  "pk": 207,
  "fields": {
    "action_time": "2026-05-20T14:03:10.162Z",
    "user": [
      "fatima"
    ],
    "content_type": [
      "auth",
      "user"
    ],
    "object_id": "13",
    "object_repr": "A_Raffoul",
    "action_flag": 2,
    "change_message": "[{\"changed\": {\"fields\": [\"Email address\", \"Staff status\"]}}]"
  }
},
{
  "model": "admin.logentry",
  "pk": 208,
  "fields": {
    "action_time": "2026-05-20T14:04:50.899Z",
    "user": [
      "fatima"
    ],
    "content_type": [
      "auth",
      "user"
    ],
    "object_id": "12",
    "object_repr": "A_batakis",
    "action_flag": 2,
    "change_message": "[{\"changed\": {\"fields\": [\"First name\", \"Last name\", \"Email address\", \"Staff status\", \"Groups\"]}}]"
  }
},
{
  "model": "admin.logentry",
  "pk": 209,
  "fields": {
    "action_time": "2026-05-20T14:05:40.732Z",
    "user": [
      "fatima"
    ],
    "content_type": [
      "auth",
      "user"
    ],
    "object_id": "7",
    "object_repr": "N_Andrikopoulos",
    "action_flag": 2,
    "change_message": "[{\"changed\": {\"fields\": [\"Email address\"]}}]"
  }
},
{
  "model": "admin.logentry",
  "pk": 210,
  "fields": {
    "action_time": "2026-05-20T14:06:09.935Z",
    "user": [
      "fatima"
    ],
    "content_type": [
      "auth",
      "user"
    ],
    "object_id": "10",
    "object_repr": "H_Amer",
    "action_flag": 2,
    "change_message": "[{\"changed\": {\"fields\": [\"First name\", \"Last name\", \"Email address\", \"Staff status\"]}}]"
  }
},
{
  "model": "admin.logentry",
  "pk": 211,
  "fields": {
    "action_time": "2026-05-20T14:09:49.332Z",
    "user": [
      "fatima"
    ],
    "content_type": [
      "auth",
      "user"
    ],
    "object_id": "5",
    "object_repr": "V_Aslan",
    "action_flag": 2,
    "change_message": "[{\"changed\": {\"fields\": [\"Email address\"]}}]"
  }
},
{
  "model": "admin.logentry",
  "pk": 212,
  "fields": {
    "action_time": "2026-05-20T14:11:32.181Z",
    "user": [
      "fatima"
    ],
    "content_type": [
      "auth",
      "user"
    ],
    "object_id": "11",
    "object_repr": "C_Labed",
    "action_flag": 2,
    "change_message": "[{\"changed\": {\"fields\": [\"First name\", \"Last name\", \"Email address\", \"Staff status\"]}}]"
  }
},
{
  "model": "admin.logentry",
  "pk": 213,
  "fields": {
    "action_time": "2026-05-20T14:20:59.448Z",
    "user": [
      "fatima"
    ],
    "content_type": [
      "auth",
      "user"
    ],
    "object_id": "9",
    "object_repr": "T_Qassab",
    "action_flag": 2,
    "change_message": "[{\"changed\": {\"fields\": [\"password\"]}}]"
  }
},
{
  "model": "admin.logentry",
  "pk": 214,
  "fields": {
    "action_time": "2026-05-20T14:22:04.787Z",
    "user": [
      "fatima"
    ],
    "content_type": [
      "auth",
      "user"
    ],
    "object_id": "9",
    "object_repr": "T_Qassab",
    "action_flag": 2,
    "change_message": "[{\"changed\": {\"fields\": [\"Staff status\"]}}]"
  }
},
{
  "model": "admin.logentry",
  "pk": 215,
  "fields": {
    "action_time": "2026-05-21T11:32:14.425Z",
    "user": [
      "fatima"
    ],
    "content_type": [
      "reports",
      "project"
    ],
    "object_id": "4",
    "object_repr": "P004 - gversion_06",
    "action_flag": 2,
    "change_message": "[{\"changed\": {\"fields\": [\"Address\", \"City\", \"Project description\", \"Building floors count\", \"Latitude\", \"Longitude\"]}}]"
  }
},
{
  "model": "admin.logentry",
  "pk": 216,
  "fields": {
    "action_time": "2026-05-21T11:35:26.497Z",
    "user": [
      "fatima"
    ],
    "content_type": [
      "reports",
      "project"
    ],
    "object_id": "2",
    "object_repr": "P008 - mversion_02",
    "action_flag": 2,
    "change_message": "[{\"changed\": {\"fields\": [\"Project description\", \"Building floors count\", \"Latitude\", \"Longitude\"]}}]"
  }
},
{
  "model": "admin.logentry",
  "pk": 217,
  "fields": {
    "action_time": "2026-05-21T11:38:11.375Z",
    "user": [
      "fatima"
    ],
    "content_type": [
      "reports",
      "project"
    ],
    "object_id": "5",
    "object_repr": "P009 - tversion_09",
    "action_flag": 2,
    "change_message": "[{\"changed\": {\"fields\": [\"Project description\", \"Building floors count\", \"Latitude\", \"Longitude\"]}}]"
  }
},
{
  "model": "admin.logentry",
  "pk": 218,
  "fields": {
    "action_time": "2026-05-21T11:39:41.949Z",
    "user": [
      "fatima"
    ],
    "content_type": [
      "reports",
      "project"
    ],
    "object_id": "3",
    "object_repr": "P010 - sversion_05",
    "action_flag": 2,
    "change_message": "[{\"changed\": {\"fields\": [\"Project description\", \"Building floors count\", \"Latitude\", \"Longitude\"]}}]"
  }
},
{
  "model": "admin.logentry",
  "pk": 219,
  "fields": {
    "action_time": "2026-05-21T11:41:15.034Z",
    "user": [
      "fatima"
    ],
    "content_type": [
      "reports",
      "project"
    ],
    "object_id": "6",
    "object_repr": "P012 - zversion_12",
    "action_flag": 2,
    "change_message": "[{\"changed\": {\"fields\": [\"Project description\", \"Building floors count\", \"Latitude\", \"Longitude\"]}}]"
  }
},
{
  "model": "admin.logentry",
  "pk": 220,
  "fields": {
    "action_time": "2026-05-21T11:42:06.123Z",
    "user": [
      "fatima"
    ],
    "content_type": [
      "reports",
      "project"
    ],
    "object_id": "7",
    "object_repr": "P015 - iversion_15",
    "action_flag": 2,
    "change_message": "[{\"changed\": {\"fields\": [\"Project description\", \"Building floors count\", \"Latitude\", \"Longitude\"]}}]"
  }
},
{
  "model": "admin.logentry",
  "pk": 221,
  "fields": {
    "action_time": "2026-05-21T11:43:08.442Z",
    "user": [
      "fatima"
    ],
    "content_type": [
      "reports",
      "project"
    ],
    "object_id": "8",
    "object_repr": "P017 - fversion_17",
    "action_flag": 2,
    "change_message": "[{\"changed\": {\"fields\": [\"Project description\", \"Building floors count\", \"Latitude\", \"Longitude\"]}}]"
  }
},
{
  "model": "admin.logentry",
  "pk": 222,
  "fields": {
    "action_time": "2026-05-21T11:44:44.357Z",
    "user": [
      "fatima"
    ],
    "content_type": [
      "reports",
      "project"
    ],
    "object_id": "9",
    "object_repr": "P019 - dversion_19",
    "action_flag": 2,
    "change_message": "[{\"changed\": {\"fields\": [\"Address\", \"Project description\", \"Building floors count\", \"Latitude\", \"Longitude\"]}}]"
  }
},
{
  "model": "admin.logentry",
  "pk": 223,
  "fields": {
    "action_time": "2026-05-21T12:22:56.106Z",
    "user": [
      "fatima"
    ],
    "content_type": [
      "reports",
      "project"
    ],
    "object_id": "10",
    "object_repr": "P026 - eversion",
    "action_flag": 1,
    "change_message": "[{\"added\": {}}]"
  }
},
{
  "model": "admin.logentry",
  "pk": 224,
  "fields": {
    "action_time": "2026-05-21T12:24:24.563Z",
    "user": [
      "fatima"
    ],
    "content_type": [
      "reports",
      "project"
    ],
    "object_id": "10",
    "object_repr": "P026 - eversion",
    "action_flag": 2,
    "change_message": "[{\"changed\": {\"fields\": [\"Latitude\", \"Longitude\"]}}]"
  }
},
{
  "model": "admin.logentry",
  "pk": 225,
  "fields": {
    "action_time": "2026-05-21T12:24:42.070Z",
    "user": [
      "fatima"
    ],
    "content_type": [
      "reports",
      "project"
    ],
    "object_id": "10",
    "object_repr": "P026 - eversion_26",
    "action_flag": 2,
    "change_message": "[{\"changed\": {\"fields\": [\"Name\"]}}]"
  }
},
{
  "model": "admin.logentry",
  "pk": 226,
  "fields": {
    "action_time": "2026-05-21T12:30:35.849Z",
    "user": [
      "fatima"
    ],
    "content_type": [
      "reports",
      "mastercode"
    ],
    "object_id": "1",
    "object_repr": "PH05-ARC-PNT-DR",
    "action_flag": 3,
    "change_message": ""
  }
},
{
  "model": "admin.logentry",
  "pk": 227,
  "fields": {
    "action_time": "2026-05-21T18:16:26.817Z",
    "user": [
      "fatima"
    ],
    "content_type": [
      "reports",
      "mastercode"
    ],
    "object_id": "7",
    "object_repr": "MasterCode object (7)",
    "action_flag": 1,
    "change_message": "[{\"added\": {}}]"
  }
},
{
  "model": "admin.logentry",
  "pk": 228,
  "fields": {
    "action_time": "2026-05-21T18:18:46.709Z",
    "user": [
      "fatima"
    ],
    "content_type": [
      "reports",
      "mastercode"
    ],
    "object_id": "2",
    "object_repr": "MasterCode object (2)",
    "action_flag": 2,
    "change_message": "[{\"changed\": {\"fields\": [\"Project phase\", \"Subcategory\", \"Description\", \"Display order\"]}}]"
  }
},
{
  "model": "admin.logentry",
  "pk": 229,
  "fields": {
    "action_time": "2026-05-21T18:31:10.176Z",
    "user": [
      "fatima"
    ],
    "content_type": [
      "reports",
      "subcategory"
    ],
    "object_id": "1",
    "object_repr": "ARC",
    "action_flag": 2,
    "change_message": "[]"
  }
},
{
  "model": "admin.logentry",
  "pk": 230,
  "fields": {
    "action_time": "2026-05-21T18:34:54.865Z",
    "user": [
      "fatima"
    ],
    "content_type": [
      "reports",
      "subcategory"
    ],
    "object_id": "46",
    "object_repr": "Geo",
    "action_flag": 1,
    "change_message": "[{\"added\": {}}]"
  }
},
{
  "model": "admin.logentry",
  "pk": 231,
  "fields": {
    "action_time": "2026-05-21T18:35:41.722Z",
    "user": [
      "fatima"
    ],
    "content_type": [
      "reports",
      "subcategory"
    ],
    "object_id": "47",
    "object_repr": "EXP",
    "action_flag": 1,
    "change_message": "[{\"added\": {}}]"
  }
},
{
  "model": "admin.logentry",
  "pk": 232,
  "fields": {
    "action_time": "2026-05-21T18:36:46.453Z",
    "user": [
      "fatima"
    ],
    "content_type": [
      "reports",
      "subcategory"
    ],
    "object_id": "48",
    "object_repr": "EXR",
    "action_flag": 1,
    "change_message": "[{\"added\": {}}]"
  }
},
{
  "model": "admin.logentry",
  "pk": 233,
  "fields": {
    "action_time": "2026-05-21T18:37:29.059Z",
    "user": [
      "fatima"
    ],
    "content_type": [
      "reports",
      "subcategory"
    ],
    "object_id": "49",
    "object_repr": "RFS",
    "action_flag": 1,
    "change_message": "[{\"added\": {}}]"
  }
},
{
  "model": "admin.logentry",
  "pk": 234,
  "fields": {
    "action_time": "2026-05-21T18:37:53.243Z",
    "user": [
      "fatima"
    ],
    "content_type": [
      "reports",
      "subcategory"
    ],
    "object_id": "50",
    "object_repr": "STF",
    "action_flag": 1,
    "change_message": "[{\"added\": {}}]"
  }
},
{
  "model": "admin.logentry",
  "pk": 235,
  "fields": {
    "action_time": "2026-05-21T18:38:15.063Z",
    "user": [
      "fatima"
    ],
    "content_type": [
      "reports",
      "subcategory"
    ],
    "object_id": "51",
    "object_repr": "MCC",
    "action_flag": 1,
    "change_message": "[{\"added\": {}}]"
  }
},
{
  "model": "admin.logentry",
  "pk": 236,
  "fields": {
    "action_time": "2026-05-21T18:38:30.823Z",
    "user": [
      "fatima"
    ],
    "content_type": [
      "reports",
      "subcategory"
    ],
    "object_id": "52",
    "object_repr": "MCS",
    "action_flag": 1,
    "change_message": "[{\"added\": {}}]"
  }
},
{
  "model": "admin.logentry",
  "pk": 237,
  "fields": {
    "action_time": "2026-05-21T18:38:52.089Z",
    "user": [
      "fatima"
    ],
    "content_type": [
      "reports",
      "subcategory"
    ],
    "object_id": "53",
    "object_repr": "MCB",
    "action_flag": 1,
    "change_message": "[{\"added\": {}}]"
  }
},
{
  "model": "admin.logentry",
  "pk": 238,
  "fields": {
    "action_time": "2026-05-21T18:39:07.386Z",
    "user": [
      "fatima"
    ],
    "content_type": [
      "reports",
      "subcategory"
    ],
    "object_id": "54",
    "object_repr": "MCP",
    "action_flag": 1,
    "change_message": "[{\"added\": {}}]"
  }
},
{
  "model": "admin.logentry",
  "pk": 239,
  "fields": {
    "action_time": "2026-05-21T18:39:24.671Z",
    "user": [
      "fatima"
    ],
    "content_type": [
      "reports",
      "subcategory"
    ],
    "object_id": "55",
    "object_repr": "SPB",
    "action_flag": 1,
    "change_message": "[{\"added\": {}}]"
  }
},
{
  "model": "admin.logentry",
  "pk": 240,
  "fields": {
    "action_time": "2026-05-21T18:39:50.505Z",
    "user": [
      "fatima"
    ],
    "content_type": [
      "reports",
      "subcategory"
    ],
    "object_id": "56",
    "object_repr": "SFC",
    "action_flag": 1,
    "change_message": "[{\"added\": {}}]"
  }
},
{
  "model": "admin.logentry",
  "pk": 241,
  "fields": {
    "action_time": "2026-05-21T18:40:13.565Z",
    "user": [
      "fatima"
    ],
    "content_type": [
      "reports",
      "subcategory"
    ],
    "object_id": "57",
    "object_repr": "BHB",
    "action_flag": 1,
    "change_message": "[{\"added\": {}}]"
  }
},
{
  "model": "admin.logentry",
  "pk": 242,
  "fields": {
    "action_time": "2026-05-21T18:40:28.030Z",
    "user": [
      "fatima"
    ],
    "content_type": [
      "reports",
      "subcategory"
    ],
    "object_id": "58",
    "object_repr": "SHB",
    "action_flag": 1,
    "change_message": "[{\"added\": {}}]"
  }
},
{
  "model": "admin.logentry",
  "pk": 243,
  "fields": {
    "action_time": "2026-05-21T18:40:43.376Z",
    "user": [
      "fatima"
    ],
    "content_type": [
      "reports",
      "subcategory"
    ],
    "object_id": "59",
    "object_repr": "IHB",
    "action_flag": 1,
    "change_message": "[{\"added\": {}}]"
  }
},
{
  "model": "admin.logentry",
  "pk": 244,
  "fields": {
    "action_time": "2026-05-21T18:41:12.636Z",
    "user": [
      "fatima"
    ],
    "content_type": [
      "reports",
      "subcategory"
    ],
    "object_id": "60",
    "object_repr": "HAC",
    "action_flag": 1,
    "change_message": "[{\"added\": {}}]"
  }
},
{
  "model": "admin.logentry",
  "pk": 245,
  "fields": {
    "action_time": "2026-05-21T18:41:35.260Z",
    "user": [
      "fatima"
    ],
    "content_type": [
      "reports",
      "subcategory"
    ],
    "object_id": "61",
    "object_repr": "HET",
    "action_flag": 1,
    "change_message": "[{\"added\": {}}]"
  }
},
{
  "model": "admin.logentry",
  "pk": 246,
  "fields": {
    "action_time": "2026-05-21T18:41:54.370Z",
    "user": [
      "fatima"
    ],
    "content_type": [
      "reports",
      "subcategory"
    ],
    "object_id": "62",
    "object_repr": "SWP",
    "action_flag": 1,
    "change_message": "[{\"added\": {}}]"
  }
},
{
  "model": "admin.logentry",
  "pk": 247,
  "fields": {
    "action_time": "2026-05-21T18:42:12.323Z",
    "user": [
      "fatima"
    ],
    "content_type": [
      "reports",
      "subcategory"
    ],
    "object_id": "63",
    "object_repr": "ELV",
    "action_flag": 1,
    "change_message": "[{\"added\": {}}]"
  }
},
{
  "model": "admin.logentry",
  "pk": 248,
  "fields": {
    "action_time": "2026-05-21T18:42:27.213Z",
    "user": [
      "fatima"
    ],
    "content_type": [
      "reports",
      "subcategory"
    ],
    "object_id": "64",
    "object_repr": "CEL",
    "action_flag": 1,
    "change_message": "[{\"added\": {}}]"
  }
},
{
  "model": "admin.logentry",
  "pk": 249,
  "fields": {
    "action_time": "2026-05-21T18:42:45.127Z",
    "user": [
      "fatima"
    ],
    "content_type": [
      "reports",
      "subcategory"
    ],
    "object_id": "65",
    "object_repr": "PEL",
    "action_flag": 1,
    "change_message": "[{\"added\": {}}]"
  }
},
{
  "model": "admin.logentry",
  "pk": 250,
  "fields": {
    "action_time": "2026-05-21T18:43:12.699Z",
    "user": [
      "fatima"
    ],
    "content_type": [
      "reports",
      "subcategory"
    ],
    "object_id": "66",
    "object_repr": "LDR",
    "action_flag": 1,
    "change_message": "[{\"added\": {}}]"
  }
},
{
  "model": "admin.logentry",
  "pk": 251,
  "fields": {
    "action_time": "2026-05-21T18:43:41.694Z",
    "user": [
      "fatima"
    ],
    "content_type": [
      "reports",
      "subcategory"
    ],
    "object_id": "67",
    "object_repr": "PNH",
    "action_flag": 1,
    "change_message": "[{\"added\": {}}]"
  }
},
{
  "model": "admin.logentry",
  "pk": 252,
  "fields": {
    "action_time": "2026-05-21T19:10:21.596Z",
    "user": [
      "fatima"
    ],
    "content_type": [
      "reports",
      "mastercode"
    ],
    "object_id": "783",
    "object_repr": "MasterCode object (783)",
    "action_flag": 1,
    "change_message": "new through import_export"
  }
},
{
  "model": "admin.logentry",
  "pk": 253,
  "fields": {
    "action_time": "2026-05-21T19:10:21.596Z",
    "user": [
      "fatima"
    ],
    "content_type": [
      "reports",
      "mastercode"
    ],
    "object_id": "784",
    "object_repr": "MasterCode object (784)",
    "action_flag": 1,
    "change_message": "new through import_export"
  }
},
{
  "model": "admin.logentry",
  "pk": 254,
  "fields": {
    "action_time": "2026-05-21T19:10:21.596Z",
    "user": [
      "fatima"
    ],
    "content_type": [
      "reports",
      "mastercode"
    ],
    "object_id": "785",
    "object_repr": "MasterCode object (785)",
    "action_flag": 1,
    "change_message": "new through import_export"
  }
},
{
  "model": "admin.logentry",
  "pk": 255,
  "fields": {
    "action_time": "2026-05-21T19:10:21.596Z",
    "user": [
      "fatima"
    ],
    "content_type": [
      "reports",
      "mastercode"
    ],
    "object_id": "786",
    "object_repr": "MasterCode object (786)",
    "action_flag": 1,
    "change_message": "new through import_export"
  }
},
{
  "model": "admin.logentry",
  "pk": 256,
  "fields": {
    "action_time": "2026-05-21T19:10:21.596Z",
    "user": [
      "fatima"
    ],
    "content_type": [
      "reports",
      "mastercode"
    ],
    "object_id": "787",
    "object_repr": "MasterCode object (787)",
    "action_flag": 1,
    "change_message": "new through import_export"
  }
},
{
  "model": "admin.logentry",
  "pk": 257,
  "fields": {
    "action_time": "2026-05-21T19:10:21.596Z",
    "user": [
      "fatima"
    ],
    "content_type": [
      "reports",
      "mastercode"
    ],
    "object_id": "788",
    "object_repr": "MasterCode object (788)",
    "action_flag": 1,
    "change_message": "new through import_export"
  }
},
{
  "model": "admin.logentry",
  "pk": 258,
  "fields": {
    "action_time": "2026-05-21T19:10:21.596Z",
    "user": [
      "fatima"
    ],
    "content_type": [
      "reports",
      "mastercode"
    ],
    "object_id": "789",
    "object_repr": "MasterCode object (789)",
    "action_flag": 1,
    "change_message": "new through import_export"
  }
},
{
  "model": "admin.logentry",
  "pk": 259,
  "fields": {
    "action_time": "2026-05-21T19:10:21.596Z",
    "user": [
      "fatima"
    ],
    "content_type": [
      "reports",
      "mastercode"
    ],
    "object_id": "790",
    "object_repr": "MasterCode object (790)",
    "action_flag": 1,
    "change_message": "new through import_export"
  }
},
{
  "model": "admin.logentry",
  "pk": 260,
  "fields": {
    "action_time": "2026-05-21T19:10:21.596Z",
    "user": [
      "fatima"
    ],
    "content_type": [
      "reports",
      "mastercode"
    ],
    "object_id": "791",
    "object_repr": "MasterCode object (791)",
    "action_flag": 1,
    "change_message": "new through import_export"
  }
},
{
  "model": "admin.logentry",
  "pk": 261,
  "fields": {
    "action_time": "2026-05-21T19:10:21.596Z",
    "user": [
      "fatima"
    ],
    "content_type": [
      "reports",
      "mastercode"
    ],
    "object_id": "792",
    "object_repr": "MasterCode object (792)",
    "action_flag": 1,
    "change_message": "new through import_export"
  }
},
{
  "model": "admin.logentry",
  "pk": 262,
  "fields": {
    "action_time": "2026-05-21T19:10:21.596Z",
    "user": [
      "fatima"
    ],
    "content_type": [
      "reports",
      "mastercode"
    ],
    "object_id": "793",
    "object_repr": "MasterCode object (793)",
    "action_flag": 1,
    "change_message": "new through import_export"
  }
},
{
  "model": "admin.logentry",
  "pk": 263,
  "fields": {
    "action_time": "2026-05-21T19:10:21.596Z",
    "user": [
      "fatima"
    ],
    "content_type": [
      "reports",
      "mastercode"
    ],
    "object_id": "794",
    "object_repr": "MasterCode object (794)",
    "action_flag": 1,
    "change_message": "new through import_export"
  }
},
{
  "model": "admin.logentry",
  "pk": 264,
  "fields": {
    "action_time": "2026-05-21T19:10:21.596Z",
    "user": [
      "fatima"
    ],
    "content_type": [
      "reports",
      "mastercode"
    ],
    "object_id": "795",
    "object_repr": "MasterCode object (795)",
    "action_flag": 1,
    "change_message": "new through import_export"
  }
},
{
  "model": "admin.logentry",
  "pk": 265,
  "fields": {
    "action_time": "2026-05-21T19:10:21.596Z",
    "user": [
      "fatima"
    ],
    "content_type": [
      "reports",
      "mastercode"
    ],
    "object_id": "796",
    "object_repr": "MasterCode object (796)",
    "action_flag": 1,
    "change_message": "new through import_export"
  }
},
{
  "model": "admin.logentry",
  "pk": 266,
  "fields": {
    "action_time": "2026-05-21T19:10:21.596Z",
    "user": [
      "fatima"
    ],
    "content_type": [
      "reports",
      "mastercode"
    ],
    "object_id": "797",
    "object_repr": "MasterCode object (797)",
    "action_flag": 1,
    "change_message": "new through import_export"
  }
},
{
  "model": "admin.logentry",
  "pk": 267,
  "fields": {
    "action_time": "2026-05-21T19:10:21.596Z",
    "user": [
      "fatima"
    ],
    "content_type": [
      "reports",
      "mastercode"
    ],
    "object_id": "798",
    "object_repr": "MasterCode object (798)",
    "action_flag": 1,
    "change_message": "new through import_export"
  }
},
{
  "model": "admin.logentry",
  "pk": 268,
  "fields": {
    "action_time": "2026-05-21T19:10:21.596Z",
    "user": [
      "fatima"
    ],
    "content_type": [
      "reports",
      "mastercode"
    ],
    "object_id": "799",
    "object_repr": "MasterCode object (799)",
    "action_flag": 1,
    "change_message": "new through import_export"
  }
},
{
  "model": "admin.logentry",
  "pk": 269,
  "fields": {
    "action_time": "2026-05-21T19:10:21.596Z",
    "user": [
      "fatima"
    ],
    "content_type": [
      "reports",
      "mastercode"
    ],
    "object_id": "800",
    "object_repr": "MasterCode object (800)",
    "action_flag": 1,
    "change_message": "new through import_export"
  }
},
{
  "model": "admin.logentry",
  "pk": 270,
  "fields": {
    "action_time": "2026-05-21T19:10:21.596Z",
    "user": [
      "fatima"
    ],
    "content_type": [
      "reports",
      "mastercode"
    ],
    "object_id": "801",
    "object_repr": "MasterCode object (801)",
    "action_flag": 1,
    "change_message": "new through import_export"
  }
},
{
  "model": "admin.logentry",
  "pk": 271,
  "fields": {
    "action_time": "2026-05-21T19:10:21.596Z",
    "user": [
      "fatima"
    ],
    "content_type": [
      "reports",
      "mastercode"
    ],
    "object_id": "802",
    "object_repr": "MasterCode object (802)",
    "action_flag": 1,
    "change_message": "new through import_export"
  }
},
{
  "model": "admin.logentry",
  "pk": 272,
  "fields": {
    "action_time": "2026-05-21T19:10:21.596Z",
    "user": [
      "fatima"
    ],
    "content_type": [
      "reports",
      "mastercode"
    ],
    "object_id": "803",
    "object_repr": "MasterCode object (803)",
    "action_flag": 1,
    "change_message": "new through import_export"
  }
},
{
  "model": "admin.logentry",
  "pk": 273,
  "fields": {
    "action_time": "2026-05-21T19:10:21.596Z",
    "user": [
      "fatima"
    ],
    "content_type": [
      "reports",
      "mastercode"
    ],
    "object_id": "804",
    "object_repr": "MasterCode object (804)",
    "action_flag": 1,
    "change_message": "new through import_export"
  }
},
{
  "model": "admin.logentry",
  "pk": 274,
  "fields": {
    "action_time": "2026-05-21T19:10:21.596Z",
    "user": [
      "fatima"
    ],
    "content_type": [
      "reports",
      "mastercode"
    ],
    "object_id": "805",
    "object_repr": "MasterCode object (805)",
    "action_flag": 1,
    "change_message": "new through import_export"
  }
},
{
  "model": "admin.logentry",
  "pk": 275,
  "fields": {
    "action_time": "2026-05-21T19:10:21.596Z",
    "user": [
      "fatima"
    ],
    "content_type": [
      "reports",
      "mastercode"
    ],
    "object_id": "806",
    "object_repr": "MasterCode object (806)",
    "action_flag": 1,
    "change_message": "new through import_export"
  }
},
{
  "model": "admin.logentry",
  "pk": 276,
  "fields": {
    "action_time": "2026-05-21T19:10:21.596Z",
    "user": [
      "fatima"
    ],
    "content_type": [
      "reports",
      "mastercode"
    ],
    "object_id": "807",
    "object_repr": "MasterCode object (807)",
    "action_flag": 1,
    "change_message": "new through import_export"
  }
},
{
  "model": "admin.logentry",
  "pk": 277,
  "fields": {
    "action_time": "2026-05-21T19:10:21.596Z",
    "user": [
      "fatima"
    ],
    "content_type": [
      "reports",
      "mastercode"
    ],
    "object_id": "808",
    "object_repr": "MasterCode object (808)",
    "action_flag": 1,
    "change_message": "new through import_export"
  }
},
{
  "model": "admin.logentry",
  "pk": 278,
  "fields": {
    "action_time": "2026-05-21T19:10:21.596Z",
    "user": [
      "fatima"
    ],
    "content_type": [
      "reports",
      "mastercode"
    ],
    "object_id": "809",
    "object_repr": "MasterCode object (809)",
    "action_flag": 1,
    "change_message": "new through import_export"
  }
},
{
  "model": "admin.logentry",
  "pk": 279,
  "fields": {
    "action_time": "2026-05-21T19:10:21.596Z",
    "user": [
      "fatima"
    ],
    "content_type": [
      "reports",
      "mastercode"
    ],
    "object_id": "810",
    "object_repr": "MasterCode object (810)",
    "action_flag": 1,
    "change_message": "new through import_export"
  }
},
{
  "model": "admin.logentry",
  "pk": 280,
  "fields": {
    "action_time": "2026-05-21T19:10:21.596Z",
    "user": [
      "fatima"
    ],
    "content_type": [
      "reports",
      "mastercode"
    ],
    "object_id": "811",
    "object_repr": "MasterCode object (811)",
    "action_flag": 1,
    "change_message": "new through import_export"
  }
},
{
  "model": "admin.logentry",
  "pk": 281,
  "fields": {
    "action_time": "2026-05-21T19:10:21.596Z",
    "user": [
      "fatima"
    ],
    "content_type": [
      "reports",
      "mastercode"
    ],
    "object_id": "812",
    "object_repr": "MasterCode object (812)",
    "action_flag": 1,
    "change_message": "new through import_export"
  }
},
{
  "model": "admin.logentry",
  "pk": 282,
  "fields": {
    "action_time": "2026-05-21T19:10:21.596Z",
    "user": [
      "fatima"
    ],
    "content_type": [
      "reports",
      "mastercode"
    ],
    "object_id": "813",
    "object_repr": "MasterCode object (813)",
    "action_flag": 1,
    "change_message": "new through import_export"
  }
},
{
  "model": "admin.logentry",
  "pk": 283,
  "fields": {
    "action_time": "2026-05-21T19:10:21.596Z",
    "user": [
      "fatima"
    ],
    "content_type": [
      "reports",
      "mastercode"
    ],
    "object_id": "814",
    "object_repr": "MasterCode object (814)",
    "action_flag": 1,
    "change_message": "new through import_export"
  }
},
{
  "model": "admin.logentry",
  "pk": 284,
  "fields": {
    "action_time": "2026-05-21T19:10:21.596Z",
    "user": [
      "fatima"
    ],
    "content_type": [
      "reports",
      "mastercode"
    ],
    "object_id": "815",
    "object_repr": "MasterCode object (815)",
    "action_flag": 1,
    "change_message": "new through import_export"
  }
},
{
  "model": "admin.logentry",
  "pk": 285,
  "fields": {
    "action_time": "2026-05-21T19:10:21.596Z",
    "user": [
      "fatima"
    ],
    "content_type": [
      "reports",
      "mastercode"
    ],
    "object_id": "816",
    "object_repr": "MasterCode object (816)",
    "action_flag": 1,
    "change_message": "new through import_export"
  }
},
{
  "model": "admin.logentry",
  "pk": 286,
  "fields": {
    "action_time": "2026-05-21T19:10:21.596Z",
    "user": [
      "fatima"
    ],
    "content_type": [
      "reports",
      "mastercode"
    ],
    "object_id": "817",
    "object_repr": "MasterCode object (817)",
    "action_flag": 1,
    "change_message": "new through import_export"
  }
},
{
  "model": "admin.logentry",
  "pk": 287,
  "fields": {
    "action_time": "2026-05-21T19:10:21.596Z",
    "user": [
      "fatima"
    ],
    "content_type": [
      "reports",
      "mastercode"
    ],
    "object_id": "818",
    "object_repr": "MasterCode object (818)",
    "action_flag": 1,
    "change_message": "new through import_export"
  }
},
{
  "model": "admin.logentry",
  "pk": 288,
  "fields": {
    "action_time": "2026-05-21T19:10:21.596Z",
    "user": [
      "fatima"
    ],
    "content_type": [
      "reports",
      "mastercode"
    ],
    "object_id": "819",
    "object_repr": "MasterCode object (819)",
    "action_flag": 1,
    "change_message": "new through import_export"
  }
},
{
  "model": "admin.logentry",
  "pk": 289,
  "fields": {
    "action_time": "2026-05-21T19:10:21.596Z",
    "user": [
      "fatima"
    ],
    "content_type": [
      "reports",
      "mastercode"
    ],
    "object_id": "820",
    "object_repr": "MasterCode object (820)",
    "action_flag": 1,
    "change_message": "new through import_export"
  }
},
{
  "model": "admin.logentry",
  "pk": 290,
  "fields": {
    "action_time": "2026-05-21T19:10:21.596Z",
    "user": [
      "fatima"
    ],
    "content_type": [
      "reports",
      "mastercode"
    ],
    "object_id": "821",
    "object_repr": "MasterCode object (821)",
    "action_flag": 1,
    "change_message": "new through import_export"
  }
},
{
  "model": "admin.logentry",
  "pk": 291,
  "fields": {
    "action_time": "2026-05-21T19:10:21.596Z",
    "user": [
      "fatima"
    ],
    "content_type": [
      "reports",
      "mastercode"
    ],
    "object_id": "822",
    "object_repr": "MasterCode object (822)",
    "action_flag": 1,
    "change_message": "new through import_export"
  }
},
{
  "model": "admin.logentry",
  "pk": 292,
  "fields": {
    "action_time": "2026-05-21T19:10:21.596Z",
    "user": [
      "fatima"
    ],
    "content_type": [
      "reports",
      "mastercode"
    ],
    "object_id": "823",
    "object_repr": "MasterCode object (823)",
    "action_flag": 1,
    "change_message": "new through import_export"
  }
},
{
  "model": "admin.logentry",
  "pk": 293,
  "fields": {
    "action_time": "2026-05-21T19:10:21.596Z",
    "user": [
      "fatima"
    ],
    "content_type": [
      "reports",
      "mastercode"
    ],
    "object_id": "824",
    "object_repr": "MasterCode object (824)",
    "action_flag": 1,
    "change_message": "new through import_export"
  }
},
{
  "model": "admin.logentry",
  "pk": 294,
  "fields": {
    "action_time": "2026-05-21T19:10:21.596Z",
    "user": [
      "fatima"
    ],
    "content_type": [
      "reports",
      "mastercode"
    ],
    "object_id": "825",
    "object_repr": "MasterCode object (825)",
    "action_flag": 1,
    "change_message": "new through import_export"
  }
},
{
  "model": "admin.logentry",
  "pk": 295,
  "fields": {
    "action_time": "2026-05-21T19:10:21.596Z",
    "user": [
      "fatima"
    ],
    "content_type": [
      "reports",
      "mastercode"
    ],
    "object_id": "826",
    "object_repr": "MasterCode object (826)",
    "action_flag": 1,
    "change_message": "new through import_export"
  }
},
{
  "model": "admin.logentry",
  "pk": 296,
  "fields": {
    "action_time": "2026-05-21T19:10:21.596Z",
    "user": [
      "fatima"
    ],
    "content_type": [
      "reports",
      "mastercode"
    ],
    "object_id": "827",
    "object_repr": "MasterCode object (827)",
    "action_flag": 1,
    "change_message": "new through import_export"
  }
},
{
  "model": "admin.logentry",
  "pk": 297,
  "fields": {
    "action_time": "2026-05-21T19:10:21.596Z",
    "user": [
      "fatima"
    ],
    "content_type": [
      "reports",
      "mastercode"
    ],
    "object_id": "828",
    "object_repr": "MasterCode object (828)",
    "action_flag": 1,
    "change_message": "new through import_export"
  }
},
{
  "model": "admin.logentry",
  "pk": 298,
  "fields": {
    "action_time": "2026-05-21T19:10:21.596Z",
    "user": [
      "fatima"
    ],
    "content_type": [
      "reports",
      "mastercode"
    ],
    "object_id": "829",
    "object_repr": "MasterCode object (829)",
    "action_flag": 1,
    "change_message": "new through import_export"
  }
},
{
  "model": "admin.logentry",
  "pk": 299,
  "fields": {
    "action_time": "2026-05-21T19:10:21.596Z",
    "user": [
      "fatima"
    ],
    "content_type": [
      "reports",
      "mastercode"
    ],
    "object_id": "830",
    "object_repr": "MasterCode object (830)",
    "action_flag": 1,
    "change_message": "new through import_export"
  }
},
{
  "model": "admin.logentry",
  "pk": 300,
  "fields": {
    "action_time": "2026-05-21T19:10:21.596Z",
    "user": [
      "fatima"
    ],
    "content_type": [
      "reports",
      "mastercode"
    ],
    "object_id": "831",
    "object_repr": "MasterCode object (831)",
    "action_flag": 1,
    "change_message": "new through import_export"
  }
},
{
  "model": "admin.logentry",
  "pk": 301,
  "fields": {
    "action_time": "2026-05-21T19:10:21.597Z",
    "user": [
      "fatima"
    ],
    "content_type": [
      "reports",
      "mastercode"
    ],
    "object_id": "832",
    "object_repr": "MasterCode object (832)",
    "action_flag": 1,
    "change_message": "new through import_export"
  }
},
{
  "model": "admin.logentry",
  "pk": 302,
  "fields": {
    "action_time": "2026-05-21T19:10:21.597Z",
    "user": [
      "fatima"
    ],
    "content_type": [
      "reports",
      "mastercode"
    ],
    "object_id": "833",
    "object_repr": "MasterCode object (833)",
    "action_flag": 1,
    "change_message": "new through import_export"
  }
},
{
  "model": "admin.logentry",
  "pk": 303,
  "fields": {
    "action_time": "2026-05-21T19:10:21.597Z",
    "user": [
      "fatima"
    ],
    "content_type": [
      "reports",
      "mastercode"
    ],
    "object_id": "834",
    "object_repr": "MasterCode object (834)",
    "action_flag": 1,
    "change_message": "new through import_export"
  }
},
{
  "model": "admin.logentry",
  "pk": 304,
  "fields": {
    "action_time": "2026-05-21T19:10:21.597Z",
    "user": [
      "fatima"
    ],
    "content_type": [
      "reports",
      "mastercode"
    ],
    "object_id": "835",
    "object_repr": "MasterCode object (835)",
    "action_flag": 1,
    "change_message": "new through import_export"
  }
},
{
  "model": "admin.logentry",
  "pk": 305,
  "fields": {
    "action_time": "2026-05-21T19:10:21.597Z",
    "user": [
      "fatima"
    ],
    "content_type": [
      "reports",
      "mastercode"
    ],
    "object_id": "836",
    "object_repr": "MasterCode object (836)",
    "action_flag": 1,
    "change_message": "new through import_export"
  }
},
{
  "model": "admin.logentry",
  "pk": 306,
  "fields": {
    "action_time": "2026-05-21T19:10:21.597Z",
    "user": [
      "fatima"
    ],
    "content_type": [
      "reports",
      "mastercode"
    ],
    "object_id": "837",
    "object_repr": "MasterCode object (837)",
    "action_flag": 1,
    "change_message": "new through import_export"
  }
},
{
  "model": "admin.logentry",
  "pk": 307,
  "fields": {
    "action_time": "2026-05-21T19:10:21.597Z",
    "user": [
      "fatima"
    ],
    "content_type": [
      "reports",
      "mastercode"
    ],
    "object_id": "838",
    "object_repr": "MasterCode object (838)",
    "action_flag": 1,
    "change_message": "new through import_export"
  }
},
{
  "model": "admin.logentry",
  "pk": 308,
  "fields": {
    "action_time": "2026-05-21T19:10:21.597Z",
    "user": [
      "fatima"
    ],
    "content_type": [
      "reports",
      "mastercode"
    ],
    "object_id": "839",
    "object_repr": "MasterCode object (839)",
    "action_flag": 1,
    "change_message": "new through import_export"
  }
},
{
  "model": "admin.logentry",
  "pk": 309,
  "fields": {
    "action_time": "2026-05-21T19:10:21.597Z",
    "user": [
      "fatima"
    ],
    "content_type": [
      "reports",
      "mastercode"
    ],
    "object_id": "840",
    "object_repr": "MasterCode object (840)",
    "action_flag": 1,
    "change_message": "new through import_export"
  }
},
{
  "model": "admin.logentry",
  "pk": 310,
  "fields": {
    "action_time": "2026-05-21T19:10:21.597Z",
    "user": [
      "fatima"
    ],
    "content_type": [
      "reports",
      "mastercode"
    ],
    "object_id": "841",
    "object_repr": "MasterCode object (841)",
    "action_flag": 1,
    "change_message": "new through import_export"
  }
},
{
  "model": "admin.logentry",
  "pk": 311,
  "fields": {
    "action_time": "2026-05-21T19:10:21.597Z",
    "user": [
      "fatima"
    ],
    "content_type": [
      "reports",
      "mastercode"
    ],
    "object_id": "842",
    "object_repr": "MasterCode object (842)",
    "action_flag": 1,
    "change_message": "new through import_export"
  }
},
{
  "model": "admin.logentry",
  "pk": 312,
  "fields": {
    "action_time": "2026-05-21T19:10:21.597Z",
    "user": [
      "fatima"
    ],
    "content_type": [
      "reports",
      "mastercode"
    ],
    "object_id": "843",
    "object_repr": "MasterCode object (843)",
    "action_flag": 1,
    "change_message": "new through import_export"
  }
},
{
  "model": "admin.logentry",
  "pk": 313,
  "fields": {
    "action_time": "2026-05-21T19:10:21.597Z",
    "user": [
      "fatima"
    ],
    "content_type": [
      "reports",
      "mastercode"
    ],
    "object_id": "844",
    "object_repr": "MasterCode object (844)",
    "action_flag": 1,
    "change_message": "new through import_export"
  }
},
{
  "model": "admin.logentry",
  "pk": 314,
  "fields": {
    "action_time": "2026-05-21T19:10:21.597Z",
    "user": [
      "fatima"
    ],
    "content_type": [
      "reports",
      "mastercode"
    ],
    "object_id": "845",
    "object_repr": "MasterCode object (845)",
    "action_flag": 1,
    "change_message": "new through import_export"
  }
},
{
  "model": "admin.logentry",
  "pk": 315,
  "fields": {
    "action_time": "2026-05-21T19:10:21.597Z",
    "user": [
      "fatima"
    ],
    "content_type": [
      "reports",
      "mastercode"
    ],
    "object_id": "846",
    "object_repr": "MasterCode object (846)",
    "action_flag": 1,
    "change_message": "new through import_export"
  }
},
{
  "model": "admin.logentry",
  "pk": 316,
  "fields": {
    "action_time": "2026-05-21T19:10:21.597Z",
    "user": [
      "fatima"
    ],
    "content_type": [
      "reports",
      "mastercode"
    ],
    "object_id": "847",
    "object_repr": "MasterCode object (847)",
    "action_flag": 1,
    "change_message": "new through import_export"
  }
},
{
  "model": "admin.logentry",
  "pk": 317,
  "fields": {
    "action_time": "2026-05-21T19:10:21.597Z",
    "user": [
      "fatima"
    ],
    "content_type": [
      "reports",
      "mastercode"
    ],
    "object_id": "848",
    "object_repr": "MasterCode object (848)",
    "action_flag": 1,
    "change_message": "new through import_export"
  }
},
{
  "model": "admin.logentry",
  "pk": 318,
  "fields": {
    "action_time": "2026-05-21T19:10:21.597Z",
    "user": [
      "fatima"
    ],
    "content_type": [
      "reports",
      "mastercode"
    ],
    "object_id": "849",
    "object_repr": "MasterCode object (849)",
    "action_flag": 1,
    "change_message": "new through import_export"
  }
},
{
  "model": "admin.logentry",
  "pk": 319,
  "fields": {
    "action_time": "2026-05-21T19:10:21.597Z",
    "user": [
      "fatima"
    ],
    "content_type": [
      "reports",
      "mastercode"
    ],
    "object_id": "850",
    "object_repr": "MasterCode object (850)",
    "action_flag": 1,
    "change_message": "new through import_export"
  }
},
{
  "model": "admin.logentry",
  "pk": 320,
  "fields": {
    "action_time": "2026-05-21T19:10:21.597Z",
    "user": [
      "fatima"
    ],
    "content_type": [
      "reports",
      "mastercode"
    ],
    "object_id": "851",
    "object_repr": "MasterCode object (851)",
    "action_flag": 1,
    "change_message": "new through import_export"
  }
},
{
  "model": "admin.logentry",
  "pk": 321,
  "fields": {
    "action_time": "2026-05-21T19:10:21.597Z",
    "user": [
      "fatima"
    ],
    "content_type": [
      "reports",
      "mastercode"
    ],
    "object_id": "852",
    "object_repr": "MasterCode object (852)",
    "action_flag": 1,
    "change_message": "new through import_export"
  }
},
{
  "model": "admin.logentry",
  "pk": 322,
  "fields": {
    "action_time": "2026-05-21T19:10:21.597Z",
    "user": [
      "fatima"
    ],
    "content_type": [
      "reports",
      "mastercode"
    ],
    "object_id": "853",
    "object_repr": "MasterCode object (853)",
    "action_flag": 1,
    "change_message": "new through import_export"
  }
},
{
  "model": "admin.logentry",
  "pk": 323,
  "fields": {
    "action_time": "2026-05-21T19:10:21.597Z",
    "user": [
      "fatima"
    ],
    "content_type": [
      "reports",
      "mastercode"
    ],
    "object_id": "854",
    "object_repr": "MasterCode object (854)",
    "action_flag": 1,
    "change_message": "new through import_export"
  }
},
{
  "model": "admin.logentry",
  "pk": 324,
  "fields": {
    "action_time": "2026-05-21T19:10:21.597Z",
    "user": [
      "fatima"
    ],
    "content_type": [
      "reports",
      "mastercode"
    ],
    "object_id": "855",
    "object_repr": "MasterCode object (855)",
    "action_flag": 1,
    "change_message": "new through import_export"
  }
},
{
  "model": "admin.logentry",
  "pk": 325,
  "fields": {
    "action_time": "2026-05-21T19:10:21.597Z",
    "user": [
      "fatima"
    ],
    "content_type": [
      "reports",
      "mastercode"
    ],
    "object_id": "856",
    "object_repr": "MasterCode object (856)",
    "action_flag": 1,
    "change_message": "new through import_export"
  }
},
{
  "model": "admin.logentry",
  "pk": 326,
  "fields": {
    "action_time": "2026-05-21T19:10:21.597Z",
    "user": [
      "fatima"
    ],
    "content_type": [
      "reports",
      "mastercode"
    ],
    "object_id": "857",
    "object_repr": "MasterCode object (857)",
    "action_flag": 1,
    "change_message": "new through import_export"
  }
},
{
  "model": "admin.logentry",
  "pk": 327,
  "fields": {
    "action_time": "2026-05-21T19:10:21.597Z",
    "user": [
      "fatima"
    ],
    "content_type": [
      "reports",
      "mastercode"
    ],
    "object_id": "858",
    "object_repr": "MasterCode object (858)",
    "action_flag": 1,
    "change_message": "new through import_export"
  }
},
{
  "model": "admin.logentry",
  "pk": 328,
  "fields": {
    "action_time": "2026-05-21T19:10:21.597Z",
    "user": [
      "fatima"
    ],
    "content_type": [
      "reports",
      "mastercode"
    ],
    "object_id": "859",
    "object_repr": "MasterCode object (859)",
    "action_flag": 1,
    "change_message": "new through import_export"
  }
},
{
  "model": "admin.logentry",
  "pk": 329,
  "fields": {
    "action_time": "2026-05-21T19:10:21.597Z",
    "user": [
      "fatima"
    ],
    "content_type": [
      "reports",
      "mastercode"
    ],
    "object_id": "860",
    "object_repr": "MasterCode object (860)",
    "action_flag": 1,
    "change_message": "new through import_export"
  }
},
{
  "model": "admin.logentry",
  "pk": 330,
  "fields": {
    "action_time": "2026-05-21T19:10:21.597Z",
    "user": [
      "fatima"
    ],
    "content_type": [
      "reports",
      "mastercode"
    ],
    "object_id": "861",
    "object_repr": "MasterCode object (861)",
    "action_flag": 1,
    "change_message": "new through import_export"
  }
},
{
  "model": "admin.logentry",
  "pk": 331,
  "fields": {
    "action_time": "2026-05-21T19:10:21.597Z",
    "user": [
      "fatima"
    ],
    "content_type": [
      "reports",
      "mastercode"
    ],
    "object_id": "862",
    "object_repr": "MasterCode object (862)",
    "action_flag": 1,
    "change_message": "new through import_export"
  }
},
{
  "model": "admin.logentry",
  "pk": 332,
  "fields": {
    "action_time": "2026-05-21T19:10:21.597Z",
    "user": [
      "fatima"
    ],
    "content_type": [
      "reports",
      "mastercode"
    ],
    "object_id": "863",
    "object_repr": "MasterCode object (863)",
    "action_flag": 1,
    "change_message": "new through import_export"
  }
},
{
  "model": "admin.logentry",
  "pk": 333,
  "fields": {
    "action_time": "2026-05-21T19:10:21.597Z",
    "user": [
      "fatima"
    ],
    "content_type": [
      "reports",
      "mastercode"
    ],
    "object_id": "864",
    "object_repr": "MasterCode object (864)",
    "action_flag": 1,
    "change_message": "new through import_export"
  }
},
{
  "model": "admin.logentry",
  "pk": 334,
  "fields": {
    "action_time": "2026-05-21T19:10:21.597Z",
    "user": [
      "fatima"
    ],
    "content_type": [
      "reports",
      "mastercode"
    ],
    "object_id": "865",
    "object_repr": "MasterCode object (865)",
    "action_flag": 1,
    "change_message": "new through import_export"
  }
},
{
  "model": "admin.logentry",
  "pk": 335,
  "fields": {
    "action_time": "2026-05-21T19:10:21.597Z",
    "user": [
      "fatima"
    ],
    "content_type": [
      "reports",
      "mastercode"
    ],
    "object_id": "866",
    "object_repr": "MasterCode object (866)",
    "action_flag": 1,
    "change_message": "new through import_export"
  }
},
{
  "model": "admin.logentry",
  "pk": 336,
  "fields": {
    "action_time": "2026-05-21T19:10:21.597Z",
    "user": [
      "fatima"
    ],
    "content_type": [
      "reports",
      "mastercode"
    ],
    "object_id": "867",
    "object_repr": "MasterCode object (867)",
    "action_flag": 1,
    "change_message": "new through import_export"
  }
},
{
  "model": "admin.logentry",
  "pk": 337,
  "fields": {
    "action_time": "2026-05-21T19:10:21.597Z",
    "user": [
      "fatima"
    ],
    "content_type": [
      "reports",
      "mastercode"
    ],
    "object_id": "868",
    "object_repr": "MasterCode object (868)",
    "action_flag": 1,
    "change_message": "new through import_export"
  }
},
{
  "model": "admin.logentry",
  "pk": 338,
  "fields": {
    "action_time": "2026-05-21T19:10:21.597Z",
    "user": [
      "fatima"
    ],
    "content_type": [
      "reports",
      "mastercode"
    ],
    "object_id": "869",
    "object_repr": "MasterCode object (869)",
    "action_flag": 1,
    "change_message": "new through import_export"
  }
},
{
  "model": "admin.logentry",
  "pk": 339,
  "fields": {
    "action_time": "2026-05-21T19:10:21.597Z",
    "user": [
      "fatima"
    ],
    "content_type": [
      "reports",
      "mastercode"
    ],
    "object_id": "870",
    "object_repr": "MasterCode object (870)",
    "action_flag": 1,
    "change_message": "new through import_export"
  }
},
{
  "model": "admin.logentry",
  "pk": 340,
  "fields": {
    "action_time": "2026-05-21T19:10:21.597Z",
    "user": [
      "fatima"
    ],
    "content_type": [
      "reports",
      "mastercode"
    ],
    "object_id": "871",
    "object_repr": "MasterCode object (871)",
    "action_flag": 1,
    "change_message": "new through import_export"
  }
},
{
  "model": "admin.logentry",
  "pk": 341,
  "fields": {
    "action_time": "2026-05-21T19:10:21.597Z",
    "user": [
      "fatima"
    ],
    "content_type": [
      "reports",
      "mastercode"
    ],
    "object_id": "872",
    "object_repr": "MasterCode object (872)",
    "action_flag": 1,
    "change_message": "new through import_export"
  }
},
{
  "model": "admin.logentry",
  "pk": 342,
  "fields": {
    "action_time": "2026-05-21T19:10:21.597Z",
    "user": [
      "fatima"
    ],
    "content_type": [
      "reports",
      "mastercode"
    ],
    "object_id": "873",
    "object_repr": "MasterCode object (873)",
    "action_flag": 1,
    "change_message": "new through import_export"
  }
},
{
  "model": "admin.logentry",
  "pk": 343,
  "fields": {
    "action_time": "2026-05-21T19:10:21.597Z",
    "user": [
      "fatima"
    ],
    "content_type": [
      "reports",
      "mastercode"
    ],
    "object_id": "874",
    "object_repr": "MasterCode object (874)",
    "action_flag": 1,
    "change_message": "new through import_export"
  }
},
{
  "model": "admin.logentry",
  "pk": 344,
  "fields": {
    "action_time": "2026-05-21T19:10:21.597Z",
    "user": [
      "fatima"
    ],
    "content_type": [
      "reports",
      "mastercode"
    ],
    "object_id": "875",
    "object_repr": "MasterCode object (875)",
    "action_flag": 1,
    "change_message": "new through import_export"
  }
},
{
  "model": "admin.logentry",
  "pk": 345,
  "fields": {
    "action_time": "2026-05-21T19:10:21.597Z",
    "user": [
      "fatima"
    ],
    "content_type": [
      "reports",
      "mastercode"
    ],
    "object_id": "876",
    "object_repr": "MasterCode object (876)",
    "action_flag": 1,
    "change_message": "new through import_export"
  }
},
{
  "model": "admin.logentry",
  "pk": 346,
  "fields": {
    "action_time": "2026-05-21T19:10:21.597Z",
    "user": [
      "fatima"
    ],
    "content_type": [
      "reports",
      "mastercode"
    ],
    "object_id": "877",
    "object_repr": "MasterCode object (877)",
    "action_flag": 1,
    "change_message": "new through import_export"
  }
},
{
  "model": "admin.logentry",
  "pk": 347,
  "fields": {
    "action_time": "2026-05-21T19:10:21.597Z",
    "user": [
      "fatima"
    ],
    "content_type": [
      "reports",
      "mastercode"
    ],
    "object_id": "878",
    "object_repr": "MasterCode object (878)",
    "action_flag": 1,
    "change_message": "new through import_export"
  }
},
{
  "model": "admin.logentry",
  "pk": 348,
  "fields": {
    "action_time": "2026-05-21T19:10:21.597Z",
    "user": [
      "fatima"
    ],
    "content_type": [
      "reports",
      "mastercode"
    ],
    "object_id": "879",
    "object_repr": "MasterCode object (879)",
    "action_flag": 1,
    "change_message": "new through import_export"
  }
},
{
  "model": "admin.logentry",
  "pk": 349,
  "fields": {
    "action_time": "2026-05-21T19:10:21.597Z",
    "user": [
      "fatima"
    ],
    "content_type": [
      "reports",
      "mastercode"
    ],
    "object_id": "880",
    "object_repr": "MasterCode object (880)",
    "action_flag": 1,
    "change_message": "new through import_export"
  }
},
{
  "model": "admin.logentry",
  "pk": 350,
  "fields": {
    "action_time": "2026-05-21T19:10:21.597Z",
    "user": [
      "fatima"
    ],
    "content_type": [
      "reports",
      "mastercode"
    ],
    "object_id": "881",
    "object_repr": "MasterCode object (881)",
    "action_flag": 1,
    "change_message": "new through import_export"
  }
},
{
  "model": "admin.logentry",
  "pk": 351,
  "fields": {
    "action_time": "2026-05-21T19:10:21.597Z",
    "user": [
      "fatima"
    ],
    "content_type": [
      "reports",
      "mastercode"
    ],
    "object_id": "882",
    "object_repr": "MasterCode object (882)",
    "action_flag": 1,
    "change_message": "new through import_export"
  }
},
{
  "model": "admin.logentry",
  "pk": 352,
  "fields": {
    "action_time": "2026-05-21T19:10:21.597Z",
    "user": [
      "fatima"
    ],
    "content_type": [
      "reports",
      "mastercode"
    ],
    "object_id": "883",
    "object_repr": "MasterCode object (883)",
    "action_flag": 1,
    "change_message": "new through import_export"
  }
},
{
  "model": "admin.logentry",
  "pk": 353,
  "fields": {
    "action_time": "2026-05-21T19:10:21.597Z",
    "user": [
      "fatima"
    ],
    "content_type": [
      "reports",
      "mastercode"
    ],
    "object_id": "884",
    "object_repr": "MasterCode object (884)",
    "action_flag": 1,
    "change_message": "new through import_export"
  }
},
{
  "model": "admin.logentry",
  "pk": 354,
  "fields": {
    "action_time": "2026-05-21T19:10:21.597Z",
    "user": [
      "fatima"
    ],
    "content_type": [
      "reports",
      "mastercode"
    ],
    "object_id": "885",
    "object_repr": "MasterCode object (885)",
    "action_flag": 1,
    "change_message": "new through import_export"
  }
},
{
  "model": "admin.logentry",
  "pk": 355,
  "fields": {
    "action_time": "2026-05-21T19:10:21.597Z",
    "user": [
      "fatima"
    ],
    "content_type": [
      "reports",
      "mastercode"
    ],
    "object_id": "886",
    "object_repr": "MasterCode object (886)",
    "action_flag": 1,
    "change_message": "new through import_export"
  }
},
{
  "model": "admin.logentry",
  "pk": 356,
  "fields": {
    "action_time": "2026-05-21T19:10:21.597Z",
    "user": [
      "fatima"
    ],
    "content_type": [
      "reports",
      "mastercode"
    ],
    "object_id": "887",
    "object_repr": "MasterCode object (887)",
    "action_flag": 1,
    "change_message": "new through import_export"
  }
},
{
  "model": "admin.logentry",
  "pk": 357,
  "fields": {
    "action_time": "2026-05-21T19:38:15.206Z",
    "user": [
      "fatima"
    ],
    "content_type": [
      "reports",
      "lookupitem"
    ],
    "object_id": "22",
    "object_repr": "UOM - m",
    "action_flag": 2,
    "change_message": "[]"
  }
},
{
  "model": "admin.logentry",
  "pk": 358,
  "fields": {
    "action_time": "2026-05-21T19:49:49.063Z",
    "user": [
      "fatima"
    ],
    "content_type": [
      "reports",
      "project"
    ],
    "object_id": "2",
    "object_repr": "P008 - mversion_02",
    "action_flag": 2,
    "change_message": "[]"
  }
},
{
  "model": "admin.logentry",
  "pk": 359,
  "fields": {
    "action_time": "2026-05-21T19:58:54.713Z",
    "user": [
      "fatima"
    ],
    "content_type": [
      "reports",
      "project"
    ],
    "object_id": "2",
    "object_repr": "P008 - mversion_02",
    "action_flag": 2,
    "change_message": "[{\"changed\": {\"fields\": [\"Building floors count\"]}}]"
  }
},
{
  "model": "admin.logentry",
  "pk": 360,
  "fields": {
    "action_time": "2026-05-25T10:03:39.941Z",
    "user": [
      "fatima"
    ],
    "content_type": [
      "reports",
      "project"
    ],
    "object_id": "10",
    "object_repr": "P026 - eversion_26",
    "action_flag": 2,
    "change_message": "[]"
  }
},
{
  "model": "admin.logentry",
  "pk": 361,
  "fields": {
    "action_time": "2026-05-25T10:07:20.580Z",
    "user": [
      "fatima"
    ],
    "content_type": [
      "auth",
      "user"
    ],
    "object_id": "14",
    "object_repr": "j_jdidy",
    "action_flag": 2,
    "change_message": "[{\"changed\": {\"fields\": [\"First name\", \"Last name\", \"Email address\", \"Staff status\"]}}]"
  }
},
{
  "model": "admin.logentry",
  "pk": 362,
  "fields": {
    "action_time": "2026-05-25T10:19:10.333Z",
    "user": [
      "fatima"
    ],
    "content_type": [
      "reports",
      "project"
    ],
    "object_id": "10",
    "object_repr": "P026 - eversion_26",
    "action_flag": 2,
    "change_message": "[{\"changed\": {\"fields\": [\"Site engineer\"]}}]"
  }
}
]
